Date,Postcode,Latitude,Longitude,Email,First Name,Last Name,Interaction,Sector
2024-07-20,GL3,51.86451,-2.17719,william.caspari@gmail.com,William,Caspari,Webinar,Software Engineering
2024-07-25,HA8,51.61094,-0.27255,mary.taylor@gmail.com,Mary,Taylor,Email Correspondence,Healthcare
2024-05-26,SE19,51.41735,-0.08424,angela.phillips@gmail.com,Angela,Phillips,Email Correspondence,Finance
2024-05-24,DG11,55.11331,-3.33584,tiffany.chavez@gmail.com,Tiffany,Chavez,Webinar,B2B Marketing
2024-06-01,DY5,52.48049,-2.12223,lane.travers@gmail.com,Lane,Travers,Email Correspondence,Software Engineering
2024-04-05,BT54,55.19997,-6.25787,antonio.chase@gmail.com,Antonio,Chase,Workshop,Healthcare
2024-05-20,M43,53.48378,-2.1477,jacqueline.slonaker@gmail.com,Jacqueline,Slonaker,Email Correspondence,Finance
2024-12-17,BD19,53.72713,-1.712,linda.lewis@gmail.com,Linda,Lewis,Webinar,Healthcare
2024-05-15,RM4,51.63255,0.16038,lawrence.holland@gmail.com,Lawrence,Holland,Email Correspondence,B2B Marketing
2024-11-18,IV8,57.55419,-4.26477,rhonda.moreno@gmail.com,Rhonda,Moreno,Email Correspondence,Education
2024-04-18,CT19,51.08785,1.1704,sherry.coyle@gmail.com,Sherry,Coyle,Webinar,B2B Marketing
2024-09-21,NR31,52.57614,1.71087,james.holder@gmail.com,James,Holder,Networking Event,B2B Marketing
2024-03-03,TD15,55.74699,-2.01275,dorothy.yingling@gmail.com,Dorothy,Yingling,1-2-1 Conversation,Healthcare
2024-06-16,L40,53.60227,-2.84032,karin.perdue@gmail.com,Karin,Perdue,Networking Event,Healthcare
2024-05-14,PL30,50.49992,-4.72743,jean.stumbaugh@gmail.com,Jean,Stumbaugh,Webinar,Healthcare
2024-08-05,DN11,53.45158,-1.08284,margarita.jacob@gmail.com,Margarita,Jacob,Email Correspondence,Data Science
2024-01-31,EN1,51.6536,-0.06707,james.moore@gmail.com,James,Moore,Networking Event,Healthcare
2024-11-13,GL56,51.98836,-1.70435,hector.conklin@gmail.com,Hector,Conklin,Networking Event,Software Engineering
2024-08-28,EC2N,51.51631,-0.08586,donna.walsh@gmail.com,Donna,Walsh,Networking Event,Data Science
2024-01-06,BA15,51.35088,-2.26425,olga.gonzales@gmail.com,Olga,Gonzales,Networking Event,Finance
2024-09-07,GL20,52.00304,-2.12966,eleanor.perkins@gmail.com,Eleanor,Perkins,Workshop,Education
2024-05-21,LS29,53.92058,-1.80356,richard.cabanilla@gmail.com,Richard,Cabanilla,Email Correspondence,B2B Marketing
2024-11-27,LN12,53.3293,0.2662,carl.born@gmail.com,Carl,Born,Workshop,Software Engineering
2024-06-11,BT42,54.85458,-6.28215,joan.green@gmail.com,Joan,Green,Networking Event,Education
2024-10-23,M13,53.4603,-2.21389,kim.revell@gmail.com,Kim,Revell,Email Correspondence,Software Engineering
2024-11-17,NE61,55.18045,-1.68905,tammy.daniels@gmail.com,Tammy,Daniels,Email Correspondence,Software Engineering
2024-05-23,SA63,51.87409,-4.85342,scott.ford@gmail.com,Scott,Ford,Webinar,Finance
2024-03-08,IV40,57.27446,-5.64981,cheryl.duran@gmail.com,Cheryl,Duran,Email Correspondence,B2B Marketing
2024-12-11,EX10,50.69252,-3.24461,michael.weaver@gmail.com,Michael,Weaver,1-2-1 Conversation,Education
2024-07-09,B1,52.47872,-1.90723,leroy.baker@gmail.com,Leroy,Baker,1-2-1 Conversation,Healthcare
2024-03-07,SW1E,51.49737,-0.13853,felicia.hall@gmail.com,Felicia,Hall,Networking Event,B2B Marketing
2024-10-22,NN29,52.2599,-0.66362,james.rose@gmail.com,James,Rose,Webinar,Data Science
2024-03-02,FY2,53.84524,-3.03823,steven.milliken@gmail.com,Steven,Milliken,Webinar,Finance
2024-06-08,NP7,51.82884,-3.00864,ruth.schneider@gmail.com,Ruth,Schneider,Workshop,Education
2024-02-03,PO4,50.78983,-1.06213,daniel.burman@gmail.com,Daniel,Burman,1-2-1 Conversation,Healthcare
2024-04-11,ST17,52.7889,-2.09936,maria.ellis@gmail.com,Maria,Ellis,1-2-1 Conversation,Data Science
2024-08-30,SW6,51.47675,-0.19986,angelina.sack@gmail.com,Angelina,Sack,Webinar,Data Science
2024-09-12,E14,51.5062,-0.01855,frances.youngblood@gmail.com,Frances,Youngblood,Networking Event,B2B Marketing
2024-06-13,HU6,53.7811,-0.36834,heather.lynch@gmail.com,Heather,Lynch,1-2-1 Conversation,Finance
2024-02-12,LL69,53.38583,-4.31883,joseph.lopez@gmail.com,Joseph,Lopez,Workshop,Finance
2024-08-13,SW1Y,51.50539,-0.13388,christine.lopez@gmail.com,Christine,Lopez,Workshop,Finance
2024-03-29,DN19,53.68387,-0.35847,jeffrey.toenges@gmail.com,Jeffrey,Toenges,Workshop,Finance
2024-11-08,AB38,57.48589,-3.2261,tom.bown@gmail.com,Tom,Bown,Workshop,Education
2024-07-21,BT45,54.76045,-6.63935,michelle.pellicone@gmail.com,Michelle,Pellicone,Networking Event,Finance
2024-12-18,TR8,50.39869,-5.03689,helen.bartlett@gmail.com,Helen,Bartlett,1-2-1 Conversation,Education
2024-03-10,S75,53.56201,-1.51985,rod.rogers@gmail.com,Rod,Rogers,Workshop,Education
2024-02-02,WV10,52.61716,-2.11227,latasha.crain@gmail.com,Latasha,Crain,1-2-1 Conversation,Finance
2024-09-26,BD10,53.83143,-1.72496,sondra.cosgrove@gmail.com,Sondra,Cosgrove,Email Correspondence,Education
2024-04-18,MK16,52.08879,-0.72129,michael.terry@gmail.com,Michael,Terry,Workshop,Data Science
2024-12-04,HU13,53.72446,-0.43572,winston.amabile@gmail.com,Winston,Amabile,Email Correspondence,Education
2024-07-10,BD23,53.99264,-2.05339,bobby.june@gmail.com,Bobby,June,Networking Event,Finance
2024-01-01,PE33,52.64814,0.46886,hoa.giesen@gmail.com,Hoa,Giesen,Networking Event,B2B Marketing
2024-05-19,GU46,51.3372,-0.82559,david.ponder@gmail.com,David,Ponder,1-2-1 Conversation,Education
2024-04-17,NR1,52.62671,1.31012,herman.bibbs@gmail.com,Herman,Bibbs,Networking Event,Data Science
2024-08-20,NG25,53.07294,-0.95506,joseph.skiver@gmail.com,Joseph,Skiver,1-2-1 Conversation,Finance
2024-05-25,NE35,54.95227,-1.4597,james.hart@gmail.com,James,Hart,1-2-1 Conversation,Healthcare
2024-01-18,GU2,51.24468,-0.59152,lois.davis@gmail.com,Lois,Davis,Workshop,Software Engineering
2024-09-07,SN5,51.56509,-1.83696,dave.williams@gmail.com,Dave,Williams,1-2-1 Conversation,Data Science
2024-07-10,L70,53.40891,-2.9704,dennis.luciano@gmail.com,Dennis,Luciano,Email Correspondence,Healthcare
2024-09-09,TA17,50.90753,-2.83497,horace.hollenbeck@gmail.com,Horace,Hollenbeck,1-2-1 Conversation,Education
2024-05-17,PR1,53.75779,-2.70082,billy.booker@gmail.com,Billy,Booker,Workshop,Data Science
2024-04-12,DD1,56.4611,-2.97702,jose.groves@gmail.com,Jose,Groves,Workshop,Healthcare
2024-09-24,PA24,56.15675,-4.90504,gladys.greer@gmail.com,Gladys,Greer,Networking Event,B2B Marketing
2024-02-10,EX18,50.90155,-3.88739,danny.wolf@gmail.com,Danny,Wolf,Networking Event,Finance
2024-04-29,YO18,54.2587,-0.76717,crystal.ridings@gmail.com,Crystal,Ridings,Webinar,B2B Marketing
2024-08-24,LE1,52.63379,-1.12812,kenneth.walling@gmail.com,Kenneth,Walling,Webinar,Education
2024-10-16,M24,53.55113,-2.19624,beth.call@gmail.com,Beth,Call,1-2-1 Conversation,B2B Marketing
2024-05-30,KT6,51.3892,-0.2996,ivonne.mcalister@gmail.com,Ivonne,Mcalister,Networking Event,Healthcare
2024-06-29,HA6,51.61032,-0.41991,tasha.simmons@gmail.com,Tasha,Simmons,Networking Event,Finance
2024-03-11,DT6,50.73886,-2.77528,lawrence.mcgloin@gmail.com,Lawrence,Mcgloin,1-2-1 Conversation,Education
2024-12-02,LA17,54.2386,-3.17545,michael.laino@gmail.com,Michael,Laino,1-2-1 Conversation,Data Science
2024-02-15,NE22,55.1361,-1.58428,james.johnson@gmail.com,James,Johnson,Workshop,B2B Marketing
2024-11-18,CH62,53.33421,-2.98072,charlotte.yoon@gmail.com,Charlotte,Yoon,Workshop,B2B Marketing
2024-04-07,BS6,51.47015,-2.59898,roger.willis@gmail.com,Roger,Willis,Webinar,Finance
2024-12-17,ST19,52.71243,-2.14656,suzanne.bush@gmail.com,Suzanne,Bush,Webinar,Finance
2024-05-19,CR5,51.31211,-0.13886,annette.seidel@gmail.com,Annette,Seidel,Workshop,Healthcare
2024-02-13,TW12,51.42166,-0.36888,jesse.george@gmail.com,Jesse,George,Email Correspondence,Healthcare
2024-07-12,TN11,51.20597,0.26922,aldo.mapston@gmail.com,Aldo,Mapston,Networking Event,Healthcare
2024-12-23,IP1,52.06644,1.14151,sidney.paterson@gmail.com,Sidney,Paterson,Networking Event,B2B Marketing
2024-02-11,SA15,51.69989,-4.16648,teresa.wofford@gmail.com,Teresa,Wofford,1-2-1 Conversation,Healthcare
2024-05-02,PL35,50.68444,-4.68431,justin.olivares@gmail.com,Justin,Olivares,Workshop,Healthcare
2024-01-16,TF4,52.66125,-2.46726,gladys.hooper@gmail.com,Gladys,Hooper,1-2-1 Conversation,Data Science
2024-06-29,DN14,53.70747,-0.93638,carl.powers@gmail.com,Carl,Powers,Email Correspondence,Healthcare
2024-12-31,CV1,52.40939,-1.506,christopher.cohn@gmail.com,Christopher,Cohn,Networking Event,Education
2024-09-29,BD12,53.74611,-1.76039,willie.hailey@gmail.com,Willie,Hailey,Workshop,Data Science
2024-10-12,DG2,55.06442,-3.65683,adrian.nichols@gmail.com,Adrian,Nichols,Email Correspondence,Data Science
2024-12-19,CO13,51.83802,1.23884,diana.schiffman@gmail.com,Diana,Schiffman,Networking Event,Education
2024-05-02,EH29,55.95652,-3.39838,roger.boley@gmail.com,Roger,Boley,Email Correspondence,Education
2024-02-05,DH4,54.85444,-1.4906,yvette.hirst@gmail.com,Yvette,Hirst,Email Correspondence,Healthcare
2024-04-24,FK17,56.24019,-4.21887,aundrea.vallejo@gmail.com,Aundrea,Vallejo,Networking Event,Data Science
2024-03-02,TF12,52.61175,-2.48003,kevin.chester@gmail.com,Kevin,Chester,1-2-1 Conversation,Data Science
2024-04-28,BB4,53.70376,-2.28936,john.delbosque@gmail.com,John,Delbosque,1-2-1 Conversation,Finance
2024-10-26,GL12,51.62482,-2.3843,sarah.wright@gmail.com,Sarah,Wright,Networking Event,Education
2024-08-22,NE28,55.00015,-1.51846,amber.avila@gmail.com,Amber,Avila,Email Correspondence,Healthcare
2024-08-08,NN13,52.0324,-1.14715,sharon.coleman@gmail.com,Sharon,Coleman,Email Correspondence,Finance
2024-06-04,HD6,53.70121,-1.78186,anna.paules@gmail.com,Anna,Paules,Email Correspondence,Healthcare
2024-11-01,BH14,50.72164,-1.94333,christopher.nixon@gmail.com,Christopher,Nixon,1-2-1 Conversation,Software Engineering
2024-01-02,LL20,52.95949,-3.15982,mathew.lepak@gmail.com,Mathew,Lepak,Networking Event,Data Science
2024-08-18,HU20,53.78836,-0.51229,raymond.calbert@gmail.com,Raymond,Calbert,Email Correspondence,Software Engineering
2024-05-24,BT56,55.19824,-6.64932,patricia.smith@gmail.com,Patricia,Smith,Networking Event,Software Engineering
2024-12-08,TA16,50.90693,-2.79229,james.smith@gmail.com,James,Smith,Networking Event,Data Science
2024-12-14,DN39,53.617,-0.33385,dan.stockdale@gmail.com,Dan,Stockdale,Email Correspondence,B2B Marketing
2024-08-07,EX3,50.68645,-3.45824,louis.schrecengost@gmail.com,Louis,Schrecengost,Email Correspondence,Finance
2024-10-19,LA7,54.22568,-2.77162,diana.hill@gmail.com,Diana,Hill,1-2-1 Conversation,Software Engineering
2024-09-21,S80,53.29205,-1.14928,stephanie.bristow@gmail.com,Stephanie,Bristow,Webinar,Data Science
2024-12-06,DG13,55.17291,-3.02849,eric.davis@gmail.com,Eric,Davis,Email Correspondence,Data Science
2024-10-05,NR13,52.63372,1.47327,dorthy.avenoso@gmail.com,Dorthy,Avenoso,1-2-1 Conversation,Data Science
2024-11-24,BT52,55.13423,-6.65285,bryan.chavez@gmail.com,Bryan,Chavez,Networking Event,Healthcare
2024-09-01,PO4,50.78983,-1.06213,travis.banda@gmail.com,Travis,Banda,Networking Event,Education
2024-11-10,TF9,52.8977,-2.46832,robin.smith@gmail.com,Robin,Smith,Webinar,Education
2024-06-30,RG12,51.40655,-0.74904,ellen.sprung@gmail.com,Ellen,Sprung,Workshop,Software Engineering
2024-10-25,DN22,53.32352,-0.92643,milissa.boyce@gmail.com,Milissa,Boyce,Workshop,Education
2024-05-10,GL10,51.7429,-2.28391,thomas.white@gmail.com,Thomas,White,Networking Event,Finance
2024-05-15,NG11,52.89934,-1.17335,scott.annis@gmail.com,Scott,Annis,Networking Event,B2B Marketing
2024-10-03,DT2,50.74955,-2.45365,donna.bennet@gmail.com,Donna,Bennet,Webinar,Data Science
2024-11-03,B47,52.38699,-1.8795,betty.jackson@gmail.com,Betty,Jackson,Networking Event,Data Science
2024-12-14,LL60,53.21505,-4.26915,lauretta.fields@gmail.com,Lauretta,Fields,Workshop,Education
2024-08-16,TS27,54.72309,-1.28728,randall.wadkins@gmail.com,Randall,Wadkins,Workshop,Healthcare
2024-04-21,LD8,52.26735,-3.04348,william.johnson@gmail.com,William,Johnson,Networking Event,Education
2024-05-03,L29,53.50679,-2.98319,diana.sanders@gmail.com,Diana,Sanders,Networking Event,Education
2024-06-05,SA9,51.78122,-3.76729,reginald.moran@gmail.com,Reginald,Moran,Webinar,Finance
2024-05-01,SA19,51.95284,-3.94723,mary.torres@gmail.com,Mary,Torres,Webinar,Finance
2024-07-22,WS13,52.6917,-1.818,ernest.ellis@gmail.com,Ernest,Ellis,Workshop,Software Engineering
2024-09-13,SA1,51.62742,-3.93905,theresa.holm@gmail.com,Theresa,Holm,1-2-1 Conversation,Education
2024-09-15,PH49,56.675,-5.10977,david.park@gmail.com,David,Park,Email Correspondence,B2B Marketing
2024-06-28,BN26,50.82098,0.22352,mike.crider@gmail.com,Mike,Crider,Email Correspondence,Finance
2024-11-10,KY5,56.14548,-3.29416,burton.erway@gmail.com,Burton,Erway,Webinar,Education
2024-12-30,L27,53.38744,-2.83758,marilyn.jones@gmail.com,Marilyn,Jones,1-2-1 Conversation,Finance
2024-08-24,CW11,53.1426,-2.36482,marina.treat@gmail.com,Marina,Treat,Email Correspondence,Healthcare
2024-06-21,TW2,51.44657,-0.34929,bridget.guyton@gmail.com,Bridget,Guyton,Networking Event,Software Engineering
2024-05-28,SY12,52.90335,-2.89364,raymond.suarez@gmail.com,Raymond,Suarez,Networking Event,Finance
2024-03-24,DA16,51.4644,0.10923,abbie.shepherd@gmail.com,Abbie,Shepherd,Webinar,Education
2024-11-17,ST8,53.11517,-2.16735,angela.overton@gmail.com,Angela,Overton,1-2-1 Conversation,B2B Marketing
2024-10-25,BN12,50.81354,-0.42423,mireya.olson@gmail.com,Mireya,Olson,Networking Event,Software Engineering
2024-11-09,NG3,52.96735,-1.12887,levi.bagby@gmail.com,Levi,Bagby,Email Correspondence,Data Science
2024-10-15,CV2,52.4227,-1.46467,carol.thomas@gmail.com,Carol,Thomas,1-2-1 Conversation,Finance
2024-10-23,DD5,56.47812,-2.86217,jeff.treffert@gmail.com,Jeff,Treffert,Email Correspondence,Finance
2024-09-17,WS12,52.70623,-1.99852,phil.jones@gmail.com,Phil,Jones,Workshop,Finance
2024-10-27,TN15,51.29951,0.26953,gwendolyn.ballesteros@gmail.com,Gwendolyn,Ballesteros,1-2-1 Conversation,B2B Marketing
2024-05-11,PA26,56.25758,-4.9369,jenny.adams@gmail.com,Jenny,Adams,Webinar,Data Science
2024-07-18,L12,53.43467,-2.89421,mark.arthur@gmail.com,Mark,Arthur,Networking Event,Healthcare
2024-01-12,LL37,52.66546,-4.0823,jeffrey.ruiz@gmail.com,Jeffrey,Ruiz,Webinar,Finance
2024-02-17,WD7,51.68611,-0.30876,oscar.birch@gmail.com,Oscar,Birch,Email Correspondence,Finance
2024-07-29,BT40,54.84659,-5.82146,amanda.gonzales@gmail.com,Amanda,Gonzales,Webinar,B2B Marketing
2024-11-17,B74,52.58297,-1.8583,teri.sanchez@gmail.com,Teri,Sanchez,Email Correspondence,Data Science
2024-02-13,KA6,55.41582,-4.50427,martha.gonzalez@gmail.com,Martha,Gonzalez,Networking Event,Data Science
2024-03-02,WA15,53.38364,-2.32478,bryan.britt@gmail.com,Bryan,Britt,Workshop,Software Engineering
2024-11-17,S26,53.35678,-1.28624,john.harris@gmail.com,John,Harris,Workshop,Finance
2024-12-08,SW8,51.47566,-0.13077,alfred.bryant@gmail.com,Alfred,Bryant,Webinar,Software Engineering
2024-01-06,CM22,51.86164,0.22218,kathy.dorsch@gmail.com,Kathy,Dorsch,Workshop,Data Science
2024-05-12,IG4,51.57688,0.05525,deborah.patton@gmail.com,Deborah,Patton,Email Correspondence,B2B Marketing
2024-04-16,NW2,51.55797,-0.21829,frances.lagnese@gmail.com,Frances,Lagnese,Webinar,B2B Marketing
2024-03-16,S40,53.23356,-1.44562,polly.bechtel@gmail.com,Polly,Bechtel,Webinar,Software Engineering
2024-08-03,EH49,55.97656,-3.59785,lillian.regalado@gmail.com,Lillian,Regalado,Email Correspondence,B2B Marketing
2024-04-27,G11,55.87356,-4.31142,jeffery.hensley@gmail.com,Jeffery,Hensley,1-2-1 Conversation,Software Engineering
2024-11-21,TS4,54.55551,-1.22217,mark.schafer@gmail.com,Mark,Schafer,Networking Event,Education
2024-10-31,NN15,52.38446,-0.70542,david.middleton@gmail.com,David,Middleton,1-2-1 Conversation,B2B Marketing
2024-11-25,PE24,53.16561,0.26804,mathew.blalock@gmail.com,Mathew,Blalock,Networking Event,Finance
2024-12-27,GL5,51.73855,-2.2187,richard.heard@gmail.com,Richard,Heard,Email Correspondence,Software Engineering
2024-12-20,PA13,55.89235,-4.62927,guadalupe.steely@gmail.com,Guadalupe,Steely,Webinar,Finance
2024-12-26,TA2,51.03303,-3.10109,john.swanson@gmail.com,John,Swanson,Webinar,Finance
2024-01-16,SN8,51.40741,-1.6851,david.maly@gmail.com,David,Maly,1-2-1 Conversation,Finance
2024-06-25,TS11,54.58734,-1.02501,essie.nelson@gmail.com,Essie,Nelson,Webinar,Education
2024-08-30,OX8,51.78964,-1.4548,daniel.ruiz@gmail.com,Daniel,Ruiz,1-2-1 Conversation,Healthcare
2024-12-08,NE45,54.97683,-2.01563,richard.maxwell@gmail.com,Richard,Maxwell,Webinar,Education
2024-12-23,HR6,52.23258,-2.77028,amanda.ortiz@gmail.com,Amanda,Ortiz,Webinar,Healthcare
2024-04-08,IM5,54.19316,-4.7065,donald.haun@gmail.com,Donald,Haun,Workshop,B2B Marketing
2024-05-27,TR8,50.39869,-5.03689,donald.hernandez@gmail.com,Donald,Hernandez,Webinar,B2B Marketing
2024-11-24,RG22,51.24986,-1.12159,john.robinson@gmail.com,John,Robinson,Email Correspondence,Education
2024-06-06,TR9,50.41387,-4.93648,anna.able@gmail.com,Anna,Able,Networking Event,Software Engineering
2024-05-10,NE71,55.55558,-2.04439,jeanie.ruiz@gmail.com,Jeanie,Ruiz,Networking Event,Data Science
2024-10-26,B38,52.39962,-1.93385,carey.cilley@gmail.com,Carey,Cilley,Workshop,Software Engineering
2024-09-10,PA11,55.85649,-4.5821,antony.quick@gmail.com,Antony,Quick,1-2-1 Conversation,Finance
2024-03-02,CF38,51.56034,-3.33164,daren.fox@gmail.com,Daren,Fox,Webinar,Education
2024-09-13,CV23,52.36165,-1.30826,mirtha.sansoucy@gmail.com,Mirtha,Sansoucy,1-2-1 Conversation,Healthcare
2024-05-03,CM23,51.87178,0.16021,doris.johnson@gmail.com,Doris,Johnson,Email Correspondence,Software Engineering
2024-05-11,G66,55.94024,-4.15364,jan.morse@gmail.com,Jan,Morse,Webinar,Finance
2024-10-27,CV33,52.25735,-1.48424,ruth.randolph@gmail.com,Ruth,Randolph,Networking Event,Software Engineering
2024-03-28,ME4,51.3805,0.53081,lois.wolfe@gmail.com,Lois,Wolfe,Webinar,Software Engineering
2024-02-09,DL16,54.69848,-1.60429,karen.dunagan@gmail.com,Karen,Dunagan,1-2-1 Conversation,Education
2024-05-03,LE19,52.57718,-1.21047,curtis.garcia@gmail.com,Curtis,Garcia,1-2-1 Conversation,Education
2024-05-21,BT57,55.2014,-6.51755,danica.gorman@gmail.com,Danica,Gorman,Webinar,Finance
2024-11-10,EH42,55.99389,-2.52428,benjamin.good@gmail.com,Benjamin,Good,1-2-1 Conversation,Data Science
2024-02-22,NE33,54.99077,-1.42792,dennis.tinsley@gmail.com,Dennis,Tinsley,Workshop,Data Science
2024-11-15,BS41,51.42221,-2.65158,magdalene.rowe@gmail.com,Magdalene,Rowe,Email Correspondence,Education
2024-04-25,CO6,51.92419,0.78968,dianne.west@gmail.com,Dianne,West,Workshop,Data Science
2024-09-26,PL13,50.35715,-4.47456,sharon.whaley@gmail.com,Sharon,Whaley,Webinar,Finance
2024-09-06,LS18,53.8402,-1.6413,jerry.wareham@gmail.com,Jerry,Wareham,Webinar,B2B Marketing
2024-06-25,DE11,52.77372,-1.55377,kathleen.tyler@gmail.com,Kathleen,Tyler,1-2-1 Conversation,Education
2024-01-12,TF1,52.70246,-2.50323,marion.maxfield@gmail.com,Marion,Maxfield,Email Correspondence,Education
2024-12-14,BH21,50.81248,-1.97303,ernest.schumacher@gmail.com,Ernest,Schumacher,Email Correspondence,Finance
2024-12-16,BA7,51.08833,-2.51835,roberto.collins@gmail.com,Roberto,Collins,1-2-1 Conversation,Healthcare
2024-02-12,IP23,52.30615,1.12472,esther.augeri@gmail.com,Esther,Augeri,Networking Event,Education
2024-08-11,BD15,53.80917,-1.83597,thomas.mcfadden@gmail.com,Thomas,Mcfadden,Webinar,B2B Marketing
2024-08-31,PO14,50.83685,-1.21884,jessie.miller@gmail.com,Jessie,Miller,Webinar,Data Science
2024-07-31,RM12,51.55251,0.20852,ervin.hicks@gmail.com,Ervin,Hicks,Email Correspondence,Education
2024-03-30,SE9,51.44465,0.05651,eileen.hatten@gmail.com,Eileen,Hatten,Email Correspondence,Finance
2024-09-05,HS6,57.6008,-7.29943,john.everett@gmail.com,John,Everett,1-2-1 Conversation,Healthcare
2024-06-16,L13,53.4174,-2.91943,kyle.johnson@gmail.com,Kyle,Johnson,Workshop,Software Engineering
2024-10-06,KT14,51.33869,-0.48526,christopher.sherman@gmail.com,Christopher,Sherman,1-2-1 Conversation,B2B Marketing
2024-01-23,B25,52.46513,-1.8204,tommy.roberts@gmail.com,Tommy,Roberts,Workshop,Software Engineering
2024-04-11,PL19,50.55602,-4.15454,jimmy.madigan@gmail.com,Jimmy,Madigan,1-2-1 Conversation,Education
2024-01-16,LE17,52.4669,-1.17706,richard.donohue@gmail.com,Richard,Donohue,Webinar,Data Science
2024-06-21,PH22,57.19857,-3.80587,george.pardue@gmail.com,George,Pardue,1-2-1 Conversation,Software Engineering
2024-02-04,E3,51.52789,-0.02482,wesley.francis@gmail.com,Wesley,Francis,Webinar,Software Engineering
2024-05-22,NR10,52.73642,1.24582,steven.butler@gmail.com,Steven,Butler,1-2-1 Conversation,Education
2024-11-19,CM20,51.77476,0.10483,ellen.koenig@gmail.com,Ellen,Koenig,Webinar,Finance
2024-08-01,GU51,51.28338,-0.83987,peter.goff@gmail.com,Peter,Goff,Webinar,Software Engineering
2024-06-27,CT8,51.37996,1.3415,danny.hyde@gmail.com,Danny,Hyde,1-2-1 Conversation,Software Engineering
2024-06-06,SG7,52.00335,-0.17443,james.preston@gmail.com,James,Preston,Email Correspondence,B2B Marketing
2024-03-19,NR34,52.43791,1.58442,alice.bibbs@gmail.com,Alice,Bibbs,Networking Event,Software Engineering
2024-08-10,IV10,57.58536,-4.12616,michael.riesner@gmail.com,Michael,Riesner,1-2-1 Conversation,Finance
2024-11-04,L31,53.51346,-2.93659,kenneth.langford@gmail.com,Kenneth,Langford,Workshop,Data Science
2024-02-01,SG8,52.06369,-0.01293,charles.evans@gmail.com,Charles,Evans,Webinar,Data Science
2024-05-24,BA8,50.99883,-2.41046,molly.badger@gmail.com,Molly,Badger,Email Correspondence,B2B Marketing
2024-07-21,TA14,50.94588,-2.75024,ashley.jenness@gmail.com,Ashley,Jenness,Email Correspondence,Healthcare
2024-08-01,EC4R,51.51191,-0.09181,brett.dowell@gmail.com,Brett,Dowell,Webinar,Education
2024-09-20,TQ4,50.42326,-3.56982,nancy.preusser@gmail.com,Nancy,Preusser,1-2-1 Conversation,Data Science
2024-02-20,BA10,51.11291,-2.44576,loretta.cook@gmail.com,Loretta,Cook,Workshop,Education
2024-05-06,WV5,52.53342,-2.20936,carolyn.hall@gmail.com,Carolyn,Hall,Email Correspondence,Education
2024-11-17,GU2,51.24468,-0.59152,eddie.browne@gmail.com,Eddie,Browne,Workshop,Finance
2024-03-29,WF5,53.67998,-1.57605,june.finch@gmail.com,June,Finch,Networking Event,Finance
2024-06-17,NR22,52.89366,0.86793,elaine.ray@gmail.com,Elaine,Ray,Webinar,B2B Marketing
2024-10-07,M41,53.45095,-2.36294,louis.ropp@gmail.com,Louis,Ropp,Workshop,Software Engineering
2024-01-19,LL20,52.95949,-3.15982,doris.brown@gmail.com,Doris,Brown,1-2-1 Conversation,Software Engineering
2024-06-29,EX13,50.78655,-3.00733,brian.hill@gmail.com,Brian,Hill,Email Correspondence,Software Engineering
2024-12-17,NE69,55.60468,-1.71586,william.fawcett@gmail.com,William,Fawcett,Networking Event,Data Science
2024-07-23,DG1,55.07353,-3.58045,daniel.knox@gmail.com,Daniel,Knox,Networking Event,B2B Marketing
2024-01-01,G42,55.83234,-4.25627,richard.kendall@gmail.com,Richard,Kendall,Webinar,Finance
2024-07-14,CR2,51.34983,-0.07988,virginia.dunn@gmail.com,Virginia,Dunn,Webinar,Finance
2024-06-20,SK17,53.24378,-1.87861,amy.diaz@gmail.com,Amy,Diaz,Webinar,Data Science
2024-02-14,HD1,53.64639,-1.78819,isiah.crews@gmail.com,Isiah,Crews,Email Correspondence,Software Engineering
2024-01-02,DN37,53.54033,-0.13461,willis.robles@gmail.com,Willis,Robles,Networking Event,Finance
2024-05-05,WA10,53.45362,-2.75454,lewis.ahearn@gmail.com,Lewis,Ahearn,Networking Event,Education
2024-04-14,KT8,51.40089,-0.36243,joshua.leeper@gmail.com,Joshua,Leeper,Networking Event,Finance
2024-08-12,CF38,51.56034,-3.33164,zita.danahy@gmail.com,Zita,Danahy,1-2-1 Conversation,Healthcare
2024-08-28,PO35,50.68657,-1.08401,velma.martin@gmail.com,Velma,Martin,Webinar,B2B Marketing
2024-07-05,EH55,55.84748,-3.57178,brenda.reeser@gmail.com,Brenda,Reeser,Webinar,Data Science
2024-01-09,KA28,55.75447,-4.92287,kevin.obrien@gmail.com,Kevin,Obrien,Networking Event,B2B Marketing
2024-02-07,M19,53.43696,-2.19421,joan.lechner@gmail.com,Joan,Lechner,Email Correspondence,Education
2024-06-09,N22,51.59944,-0.1098,james.vanover@gmail.com,James,Vanover,Workshop,Education
2024-07-15,E16,51.51083,0.02633,annie.savage@gmail.com,Annie,Savage,Workshop,Education
2024-11-16,GY5,49.4826,-2.58101,kent.hampton@gmail.com,Kent,Hampton,Networking Event,Healthcare
2024-03-02,NE11,54.94123,-1.63157,norma.brown@gmail.com,Norma,Brown,Workshop,Healthcare
2024-06-11,IV63,57.32228,-4.50465,antonio.mordino@gmail.com,Antonio,Mordino,Networking Event,Healthcare
2024-05-01,SL6,51.52231,-0.72569,leilani.zelkind@gmail.com,Leilani,Zelkind,Webinar,B2B Marketing
2024-09-28,WS13,52.6917,-1.818,kim.chatterton@gmail.com,Kim,Chatterton,Email Correspondence,Healthcare
2024-04-04,HA8,51.61094,-0.27255,denise.sweet@gmail.com,Denise,Sweet,Workshop,Healthcare
2024-02-02,CV7,52.44378,-1.563,patricia.barrett@gmail.com,Patricia,Barrett,Workshop,Education
2024-11-17,PA8,55.9014,-4.45228,clifford.maroney@gmail.com,Clifford,Maroney,1-2-1 Conversation,Finance
2024-12-07,IP8,52.06169,1.0828,alfredo.wilson@gmail.com,Alfredo,Wilson,Workshop,Software Engineering
2024-12-12,BB3,53.69781,-2.46503,francis.hamlin@gmail.com,Francis,Hamlin,Email Correspondence,Education
2024-10-11,RH16,51.00204,-0.09713,george.young@gmail.com,George,Young,Email Correspondence,Data Science
2024-07-12,S44,53.22478,-1.31241,kenneth.hatch@gmail.com,Kenneth,Hatch,1-2-1 Conversation,Education
2024-02-02,BT33,54.22095,-5.89385,ruby.olivares@gmail.com,Ruby,Olivares,Networking Event,Healthcare
2024-01-30,EC2R,51.5164,-0.09162,andrew.scott@gmail.com,Andrew,Scott,Networking Event,Software Engineering
2024-01-07,AB52,57.34396,-2.60651,alice.mitchell@gmail.com,Alice,Mitchell,1-2-1 Conversation,Healthcare
2024-04-24,HU14,53.72799,-0.50078,gladys.engel@gmail.com,Gladys,Engel,Workshop,Software Engineering
2024-04-04,PA75,56.61228,-6.12216,danny.whitehouse@gmail.com,Danny,Whitehouse,Networking Event,Software Engineering
2024-10-17,BT17,54.55423,-6.01688,denise.ball@gmail.com,Denise,Ball,1-2-1 Conversation,Software Engineering
2024-06-18,L17,53.37769,-2.93962,marva.mosley@gmail.com,Marva,Mosley,Webinar,Finance
2024-03-13,BB5,53.75477,-2.37162,virginia.sanders@gmail.com,Virginia,Sanders,Webinar,Healthcare
2024-10-27,L24,53.34339,-2.83672,irene.ibarra@gmail.com,Irene,Ibarra,Networking Event,B2B Marketing
2024-12-18,IM7,54.32613,-4.41041,jonnie.taylor@gmail.com,Jonnie,Taylor,Email Correspondence,Software Engineering
2024-02-07,LA9,54.32563,-2.74273,christine.hunt@gmail.com,Christine,Hunt,1-2-1 Conversation,B2B Marketing
2024-07-30,SY10,52.83579,-3.12089,kenneth.mccaskill@gmail.com,Kenneth,Mccaskill,Webinar,Healthcare
2024-03-13,TS10,54.60656,-1.06791,tammy.gilley@gmail.com,Tammy,Gilley,Workshop,B2B Marketing
2024-12-20,PO1,50.79903,-1.08749,cody.rodriguez@gmail.com,Cody,Rodriguez,Email Correspondence,Healthcare
2024-02-29,SS7,51.56202,0.57984,brian.swartz@gmail.com,Brian,Swartz,1-2-1 Conversation,Healthcare
2024-10-31,IP4,52.06,1.18046,christopher.royals@gmail.com,Christopher,Royals,Networking Event,Healthcare
2024-03-18,HP20,51.81898,-0.80295,theresa.goncalves@gmail.com,Theresa,Goncalves,Email Correspondence,Software Engineering
2024-07-30,AL7,51.79669,-0.18569,daniel.cromartie@gmail.com,Daniel,Cromartie,Email Correspondence,B2B Marketing
2024-01-30,RM1,51.58175,0.18395,charles.sayman@gmail.com,Charles,Sayman,Workshop,Software Engineering
2024-08-01,ST13,53.1009,-2.01793,joseph.boggs@gmail.com,Joseph,Boggs,Networking Event,Healthcare
2024-06-18,ME17,51.23484,0.61021,stacy.vanhorn@gmail.com,Stacy,Vanhorn,Email Correspondence,B2B Marketing
2024-12-16,HP22,51.80601,-0.76558,jessica.chavez@gmail.com,Jessica,Chavez,Workshop,Data Science
2024-11-22,ME5,51.34896,0.53338,gary.lopez@gmail.com,Gary,Lopez,Workshop,Software Engineering
2024-10-22,BN16,50.81446,-0.49377,richard.schlesser@gmail.com,Richard,Schlesser,Webinar,Finance
2024-06-11,EH18,55.87667,-3.12215,melissa.mavins@gmail.com,Melissa,Mavins,Email Correspondence,B2B Marketing
2024-09-22,LS1,53.79674,-1.54754,gregory.balzer@gmail.com,Gregory,Balzer,Webinar,B2B Marketing
2024-12-15,BT49,55.04774,-6.95153,gloria.torres@gmail.com,Gloria,Torres,Workshop,Finance
2024-07-18,DA4,51.39106,0.23236,larry.burgener@gmail.com,Larry,Burgener,1-2-1 Conversation,Healthcare
2024-12-22,WA6,53.27222,-2.72285,gerald.torbert@gmail.com,Gerald,Torbert,1-2-1 Conversation,Data Science
2024-06-08,DN9,53.50661,-0.89316,malinda.cox@gmail.com,Malinda,Cox,Email Correspondence,Education
2024-12-23,SR5,54.92334,-1.42419,jenny.alcorn@gmail.com,Jenny,Alcorn,Email Correspondence,Education
2024-07-07,EX14,50.81272,-3.1896,linda.burrell@gmail.com,Linda,Burrell,Networking Event,Education
2024-01-11,LL70,53.36396,-4.28758,edward.friou@gmail.com,Edward,Friou,Workshop,Finance
2024-11-29,PO38,50.60406,-1.24108,emiko.carson@gmail.com,Emiko,Carson,Workshop,Healthcare
2024-12-07,IV21,57.72377,-5.72019,carey.howell@gmail.com,Carey,Howell,Webinar,Data Science
2024-09-01,WN1,53.55414,-2.6265,grover.williams@gmail.com,Grover,Williams,Networking Event,B2B Marketing
2024-05-02,CM8,51.80536,0.6387,mary.angelo@gmail.com,Mary,Angelo,Email Correspondence,Software Engineering
2024-11-08,N11,51.61338,-0.13812,jerold.pullen@gmail.com,Jerold,Pullen,1-2-1 Conversation,Data Science
2024-02-23,FK2,56.00499,-3.75461,lisa.teague@gmail.com,Lisa,Teague,Webinar,Software Engineering
2024-02-24,BH4,50.72071,-1.89799,david.slaubaugh@gmail.com,David,Slaubaugh,Email Correspondence,Software Engineering
2024-05-03,NN9,52.33288,-0.59831,sonia.oconnor@gmail.com,Sonia,Oconnor,Email Correspondence,B2B Marketing
2024-02-09,CV31,52.27819,-1.52358,herb.dungan@gmail.com,Herb,Dungan,1-2-1 Conversation,Software Engineering
2024-01-08,KA19,55.34585,-4.66707,sally.kriner@gmail.com,Sally,Kriner,Workshop,Education
2024-07-09,SW11,51.4663,-0.16427,joseph.boyd@gmail.com,Joseph,Boyd,Email Correspondence,Software Engineering
2024-01-07,WF14,53.68034,-1.69263,mark.ingersoll@gmail.com,Mark,Ingersoll,Email Correspondence,B2B Marketing
2024-03-11,CM16,51.69981,0.12161,jack.hull@gmail.com,Jack,Hull,Networking Event,Data Science
2024-12-23,NW10,51.53951,-0.24641,billy.connor@gmail.com,Billy,Connor,Networking Event,Finance
2024-11-10,NP24,51.71964,-3.23786,anthony.sommerfeld@gmail.com,Anthony,Sommerfeld,Workshop,Data Science
2024-04-24,W11,51.51189,-0.20424,margaret.currier@gmail.com,Margaret,Currier,1-2-1 Conversation,Healthcare
2024-07-22,WC1N,51.52136,-0.12025,ada.shumock@gmail.com,Ada,Shumock,Email Correspondence,Data Science
2024-01-14,PE26,52.45292,-0.1132,leland.richards@gmail.com,Leland,Richards,1-2-1 Conversation,Healthcare
2024-09-12,KT9,51.36405,-0.30197,charles.jones@gmail.com,Charles,Jones,Networking Event,Finance
2024-06-30,BA9,51.05729,-2.40955,ramon.acquaviva@gmail.com,Ramon,Acquaviva,1-2-1 Conversation,Finance
2024-02-01,SS14,51.57507,0.47521,joshua.head@gmail.com,Joshua,Head,Networking Event,B2B Marketing
2024-04-01,TS17,54.53713,-1.30289,henry.baumberger@gmail.com,Henry,Baumberger,1-2-1 Conversation,B2B Marketing
2024-07-03,DA5,51.44033,0.14698,james.willick@gmail.com,James,Willick,Networking Event,Healthcare
2024-06-25,CF43,51.65788,-3.44872,landon.wallace@gmail.com,Landon,Wallace,Email Correspondence,Healthcare
2024-11-05,NR6,52.66074,1.2831,william.vahey@gmail.com,William,Vahey,Email Correspondence,Finance
2024-04-16,L12,53.43467,-2.89421,josephine.ryan@gmail.com,Josephine,Ryan,Networking Event,Finance
2024-03-13,HP11,51.62413,-0.74451,gretchen.kaizer@gmail.com,Gretchen,Kaizer,Workshop,Data Science
2024-04-25,PR6,53.66749,-2.61001,carol.garcia@gmail.com,Carol,Garcia,Networking Event,Software Engineering
2024-09-04,PR2,53.77753,-2.70722,sarah.argenbright@gmail.com,Sarah,Argenbright,Workshop,Education
2024-02-22,UB9,51.58157,-0.49019,eva.walker@gmail.com,Eva,Walker,1-2-1 Conversation,Software Engineering
2024-01-19,B31,52.40772,-1.97207,mary.sanders@gmail.com,Mary,Sanders,1-2-1 Conversation,B2B Marketing
2024-12-02,RM1,51.58175,0.18395,maria.hollis@gmail.com,Maria,Hollis,Webinar,Finance
2024-09-15,TR23,49.95281,-6.35174,elaina.hooper@gmail.com,Elaina,Hooper,Workshop,Software Engineering
2024-03-18,BT52,55.13423,-6.65285,paul.shay@gmail.com,Paul,Shay,Webinar,Education
2024-02-12,SA2,51.62021,-3.99364,patricia.trinidad@gmail.com,Patricia,Trinidad,Workshop,B2B Marketing
2024-03-03,LL15,53.10263,-3.31455,elizabeth.hale@gmail.com,Elizabeth,Hale,Networking Event,Data Science
2024-05-10,TS1,54.57179,-1.23733,marisha.lee@gmail.com,Marisha,Lee,Webinar,Healthcare
2024-01-19,TS5,54.5512,-1.25008,virginia.moore@gmail.com,Virginia,Moore,Webinar,Software Engineering
2024-10-27,RH3,51.23242,-0.2796,elaine.williams@gmail.com,Elaine,Williams,1-2-1 Conversation,Software Engineering
2024-04-21,BD16,53.84871,-1.83278,david.lubin@gmail.com,David,Lubin,Workshop,Education
2024-01-17,NG10,52.90005,-1.28187,phillip.harris@gmail.com,Phillip,Harris,Email Correspondence,Finance
2024-03-25,NR19,52.67542,0.92907,kathleen.hernandez@gmail.com,Kathleen,Hernandez,Webinar,Data Science
2024-04-21,SS2,51.54991,0.71766,yolanda.kadlec@gmail.com,Yolanda,Kadlec,Email Correspondence,Software Engineering
2024-10-31,KY8,56.19755,-3.01061,enid.dulaney@gmail.com,Enid,Dulaney,1-2-1 Conversation,Software Engineering
2024-06-09,PA18,55.88928,-4.88661,don.lopez@gmail.com,Don,Lopez,Webinar,Finance
2024-08-28,DA3,51.38417,0.30965,marina.canty@gmail.com,Marina,Canty,Workshop,B2B Marketing
2024-12-13,BT16,54.591,-5.79746,jenifer.nelson@gmail.com,Jenifer,Nelson,Email Correspondence,Data Science
2024-01-15,LA11,54.20034,-2.92446,brendan.cooper@gmail.com,Brendan,Cooper,1-2-1 Conversation,Finance
2024-10-30,NG31,52.9142,-0.6391,lynda.jovich@gmail.com,Lynda,Jovich,Workshop,Healthcare
2024-12-07,EH8,55.94909,-3.16268,charles.smith@gmail.com,Charles,Smith,Workshop,Healthcare
2024-11-27,SG8,52.06369,-0.01293,hoa.smith@gmail.com,Hoa,Smith,Workshop,Data Science
2024-10-19,SW17,51.4303,-0.16283,don.marshall@gmail.com,Don,Marshall,Workshop,Education
2024-12-13,LL14,52.99198,-3.05043,sabrina.gillikin@gmail.com,Sabrina,Gillikin,Workshop,Healthcare
2024-06-13,TF13,52.57803,-2.5815,linda.lynch@gmail.com,Linda,Lynch,1-2-1 Conversation,Data Science
2024-12-11,EC2Y,51.52007,-0.09579,thomas.litzenberger@gmail.com,Thomas,Litzenberger,Email Correspondence,Finance
2024-10-31,G64,55.91127,-4.21604,jose.kyle@gmail.com,Jose,Kyle,Email Correspondence,Education
2024-10-01,KT15,51.36309,-0.49451,carl.anderson@gmail.com,Carl,Anderson,Email Correspondence,B2B Marketing
2024-10-21,SW14,51.46514,-0.26511,cynthia.daly@gmail.com,Cynthia,Daly,1-2-1 Conversation,Finance
2024-10-17,KW9,58.0137,-3.85692,sandra.moore@gmail.com,Sandra,Moore,1-2-1 Conversation,Healthcare
2024-06-21,BA15,51.35088,-2.26425,dana.caplinger@gmail.com,Dana,Caplinger,Email Correspondence,Education
2024-06-02,PH49,56.675,-5.10977,estelle.kitchen@gmail.com,Estelle,Kitchen,Email Correspondence,Healthcare
2024-01-28,BS29,51.33081,-2.87709,sasha.shelton@gmail.com,Sasha,Shelton,Webinar,B2B Marketing
2024-01-05,EN10,51.74005,-0.01992,kenneth.sum@gmail.com,Kenneth,Sum,1-2-1 Conversation,Healthcare
2024-02-01,DT5,50.54724,-2.44041,mercedes.phillips@gmail.com,Mercedes,Phillips,1-2-1 Conversation,Data Science
2024-05-30,DL14,54.65199,-1.68999,billy.jenks@gmail.com,Billy,Jenks,Workshop,Finance
2024-09-19,CT6,51.3642,1.13054,thomas.abbott@gmail.com,Thomas,Abbott,Workshop,Education
2024-01-20,IV27,58.27684,-4.80032,james.philbrick@gmail.com,James,Philbrick,Workshop,B2B Marketing
2024-11-19,KA9,55.49734,-4.60446,kate.martinez@gmail.com,Kate,Martinez,Networking Event,B2B Marketing
2024-11-23,LD7,52.3524,-3.08513,joanne.knight@gmail.com,Joanne,Knight,Email Correspondence,Software Engineering
2024-07-31,LN10,53.15858,-0.21703,nicholas.poage@gmail.com,Nicholas,Poage,Networking Event,B2B Marketing
2024-11-22,SK8,53.37941,-2.20748,carol.baca@gmail.com,Carol,Baca,1-2-1 Conversation,Finance
2024-11-26,SE24,51.45446,-0.09853,deirdre.mcvey@gmail.com,Deirdre,Mcvey,Workshop,Data Science
2024-02-14,NN2,52.2623,-0.89509,eli.pelote@gmail.com,Eli,Pelote,Networking Event,Education
2024-01-30,GU33,51.04915,-0.89139,samuel.mccary@gmail.com,Samuel,Mccary,Workshop,Finance
2024-07-17,EH1,55.95243,-3.1884,gloria.lewis@gmail.com,Gloria,Lewis,Webinar,Finance
2024-09-04,EC2V,51.51553,-0.0931,violet.martin@gmail.com,Violet,Martin,1-2-1 Conversation,Finance
2024-10-01,SW17,51.4303,-0.16283,charles.smith@gmail.com,Charles,Smith,Workshop,Software Engineering
2024-09-20,OL2,53.57191,-2.10874,sandra.mckee@gmail.com,Sandra,Mckee,Webinar,Education
2024-07-16,LU1,51.87476,-0.42373,kim.starnes@gmail.com,Kim,Starnes,Networking Event,Finance
2024-11-27,EX5,50.75684,-3.43916,carolyn.mejia@gmail.com,Carolyn,Mejia,Networking Event,Education
2024-11-18,L22,53.47676,-3.0262,john.cornish@gmail.com,John,Cornish,Webinar,Finance
2024-08-05,E15,51.53911,0.00307,latanya.walters@gmail.com,Latanya,Walters,Webinar,Education
2024-07-12,BS6,51.47015,-2.59898,gayle.rodriguez@gmail.com,Gayle,Rodriguez,1-2-1 Conversation,Data Science
2024-05-21,L34,53.43614,-2.81445,charles.mclaughlin@gmail.com,Charles,Mclaughlin,1-2-1 Conversation,Software Engineering
2024-06-17,FK2,56.00499,-3.75461,jacqueline.pruett@gmail.com,Jacqueline,Pruett,Networking Event,Finance
2024-12-05,NE32,54.96765,-1.48292,bethann.white@gmail.com,Bethann,White,Webinar,Data Science
2024-03-18,YO23,53.92562,-1.12122,timothy.beddingfield@gmail.com,Timothy,Beddingfield,Webinar,Software Engineering
2024-01-05,HP7,51.66487,-0.6089,jayson.keogh@gmail.com,Jayson,Keogh,1-2-1 Conversation,Finance
2024-05-11,NE15,54.9837,-1.72026,roy.mccants@gmail.com,Roy,Mccants,1-2-1 Conversation,Data Science
2024-11-13,NW4,51.58682,-0.22294,tommy.sciabica@gmail.com,Tommy,Sciabica,Webinar,Data Science
2024-03-27,KW15,58.9803,-2.95862,lana.kelly@gmail.com,Lana,Kelly,Workshop,Finance
2024-06-08,IV14,57.58564,-4.54783,carlton.kerr@gmail.com,Carlton,Kerr,Workshop,Finance
2024-07-16,EH39,56.04766,-2.73052,tod.finnefrock@gmail.com,Tod,Finnefrock,Workshop,Software Engineering
2024-02-24,E1,51.51766,-0.05841,robert.gaskill@gmail.com,Robert,Gaskill,Email Correspondence,B2B Marketing
2024-12-06,UB8,51.53458,-0.473,helen.snellen@gmail.com,Helen,Snellen,Email Correspondence,Software Engineering
2024-10-08,EX5,50.75684,-3.43916,wade.laud@gmail.com,Wade,Laud,1-2-1 Conversation,Education
2024-11-03,PO21,50.78362,-0.69622,rose.gatlin@gmail.com,Rose,Gatlin,Networking Event,B2B Marketing
2024-08-05,DN36,53.51089,-0.03636,yvonne.lacy@gmail.com,Yvonne,Lacy,Webinar,Finance
2024-08-30,CF31,51.50876,-3.57514,mary.benesh@gmail.com,Mary,Benesh,Webinar,Education
2024-04-30,NG11,52.89934,-1.17335,rachel.brauer@gmail.com,Rachel,Brauer,Email Correspondence,B2B Marketing
2024-07-06,NR27,52.92467,1.30157,james.richter@gmail.com,James,Richter,Email Correspondence,Finance
2024-03-22,SL9,51.59677,-0.55467,kathryn.kibler@gmail.com,Kathryn,Kibler,Workshop,Finance
2024-02-20,W7,51.5111,-0.33398,winford.seavey@gmail.com,Winford,Seavey,Email Correspondence,Education
2024-08-31,YO14,54.19903,-0.29672,james.harvey@gmail.com,James,Harvey,Email Correspondence,Finance
2024-08-06,NN9,52.33288,-0.59831,emily.leblanc@gmail.com,Emily,Leblanc,Workshop,Finance
2024-04-13,EX8,50.62958,-3.40133,james.rollman@gmail.com,James,Rollman,Webinar,B2B Marketing
2024-10-30,YO23,53.92562,-1.12122,paulette.hoffman@gmail.com,Paulette,Hoffman,Webinar,Finance
2024-08-16,AB35,57.03829,-3.14869,lindy.woodruff@gmail.com,Lindy,Woodruff,Workshop,Finance
2024-03-04,LU2,51.89147,-0.39553,jonah.madruga@gmail.com,Jonah,Madruga,Email Correspondence,B2B Marketing
2024-06-30,SR8,54.7665,-1.33471,jerry.fields@gmail.com,Jerry,Fields,Workshop,Healthcare
2024-08-09,UB3,51.50513,-0.42211,kelsey.byrd@gmail.com,Kelsey,Byrd,Networking Event,Data Science
2024-05-08,NE24,55.12238,-1.52013,jack.moronta@gmail.com,Jack,Moronta,Webinar,Education
2024-07-31,MK40,52.13797,-0.47145,eric.gosnell@gmail.com,Eric,Gosnell,Email Correspondence,B2B Marketing
2024-08-03,PL33,50.6213,-4.73021,alfredo.middleton@gmail.com,Alfredo,Middleton,1-2-1 Conversation,Finance
2024-02-08,B18,52.49132,-1.92341,maxine.canady@gmail.com,Maxine,Canady,Webinar,Data Science
2024-01-11,TQ13,50.59296,-3.71817,mildred.negrete@gmail.com,Mildred,Negrete,Email Correspondence,Data Science
2024-09-28,B65,52.48325,-2.04271,sylvia.grear@gmail.com,Sylvia,Grear,1-2-1 Conversation,Finance
2024-10-14,PL18,50.51523,-4.21899,virginia.hommel@gmail.com,Virginia,Hommel,Email Correspondence,Data Science
2024-07-25,ML2,55.77706,-3.91179,joel.james@gmail.com,Joel,James,Email Correspondence,Finance
2024-12-15,NW4,51.58682,-0.22294,michael.mccoy@gmail.com,Michael,Mccoy,Webinar,Data Science
2024-01-20,LL28,53.28749,-3.75983,larry.banville@gmail.com,Larry,Banville,Webinar,Finance
2024-12-24,RH6,51.17126,-0.1617,kaye.pfaff@gmail.com,Kaye,Pfaff,Webinar,Software Engineering
2024-11-06,AB23,57.21242,-2.08776,beverly.card@gmail.com,Beverly,Card,Email Correspondence,Healthcare
2024-11-30,CF61,51.40748,-3.47962,angela.loyd@gmail.com,Angela,Loyd,1-2-1 Conversation,Software Engineering
2024-02-04,B46,52.50803,-1.69351,matthew.hammonds@gmail.com,Matthew,Hammonds,Workshop,Software Engineering
2024-03-15,IV46,57.1141,-5.98441,benita.crockett@gmail.com,Benita,Crockett,Networking Event,Finance
2024-04-16,IV12,57.57422,-3.86458,susan.hazan@gmail.com,Susan,Hazan,Networking Event,Healthcare
2024-07-03,NR11,52.84173,1.27596,sadie.beaty@gmail.com,Sadie,Beaty,Networking Event,Software Engineering
2024-05-26,GU15,51.3345,-0.73952,lorrie.powell@gmail.com,Lorrie,Powell,1-2-1 Conversation,Data Science
2024-08-30,LA14,54.1185,-3.2302,lois.lee@gmail.com,Lois,Lee,Networking Event,Data Science
2024-04-13,PH50,56.71451,-4.96427,john.yoder@gmail.com,John,Yoder,1-2-1 Conversation,B2B Marketing
2024-09-11,IV1,57.4874,-4.23059,lyndon.smalls@gmail.com,Lyndon,Smalls,1-2-1 Conversation,Healthcare
2024-04-14,LL42,52.7253,-4.05405,lannie.patel@gmail.com,Lannie,Patel,1-2-1 Conversation,B2B Marketing
2024-06-08,RG20,51.40325,-1.33575,sammy.lundy@gmail.com,Sammy,Lundy,Email Correspondence,Data Science
2024-03-28,G4,55.86837,-4.25196,jamie.erps@gmail.com,Jamie,Erps,Webinar,B2B Marketing
2024-06-23,EC2R,51.5164,-0.09162,josephine.hurtado@gmail.com,Josephine,Hurtado,Networking Event,Finance
2024-12-27,SL9,51.59677,-0.55467,richard.young@gmail.com,Richard,Young,Networking Event,Education
2024-01-30,PA13,55.89235,-4.62927,charlene.miller@gmail.com,Charlene,Miller,Workshop,Finance
2024-12-12,M8,53.5088,-2.23827,daniel.anderson@gmail.com,Daniel,Anderson,Webinar,Education
2024-07-24,LL13,53.0359,-2.95902,salvador.perrington@gmail.com,Salvador,Perrington,Webinar,Education
2024-01-06,TQ7,50.28256,-3.78278,janet.marsh@gmail.com,Janet,Marsh,1-2-1 Conversation,Education
2024-07-05,FK5,56.02564,-3.81814,edward.hentges@gmail.com,Edward,Hentges,Webinar,Data Science
2024-12-15,BT67,54.48713,-6.26832,jenny.smith@gmail.com,Jenny,Smith,Workshop,Data Science
2024-09-12,LL31,53.29035,-3.80946,george.licudine@gmail.com,George,Licudine,1-2-1 Conversation,Education
2024-05-22,WC1,51.52139,-0.12169,rosie.wade@gmail.com,Rosie,Wade,Networking Event,B2B Marketing
2024-09-05,NG15,53.04519,-1.20338,teri.neaves@gmail.com,Teri,Neaves,Workshop,B2B Marketing
2024-08-22,DE56,53.02152,-1.47369,nydia.boylan@gmail.com,Nydia,Boylan,1-2-1 Conversation,Finance
2024-05-03,SG10,51.8446,0.07178,mabel.cormier@gmail.com,Mabel,Cormier,Email Correspondence,B2B Marketing
2024-02-15,ME3,51.43322,0.54668,tyler.vil@gmail.com,Tyler,Vil,Workshop,B2B Marketing
2024-06-21,WV15,52.51593,-2.37435,gloria.johnson@gmail.com,Gloria,Johnson,Webinar,Data Science
2024-05-25,HR5,52.19196,-3.02708,john.deal@gmail.com,John,Deal,Workshop,Data Science
2024-10-19,HU8,53.76845,-0.29903,thomas.swanson@gmail.com,Thomas,Swanson,1-2-1 Conversation,Software Engineering
2024-11-11,OX26,51.90114,-1.15109,johnnie.thompson@gmail.com,Johnnie,Thompson,Workshop,Healthcare
2024-12-08,LL31,53.29035,-3.80946,sharon.linebarger@gmail.com,Sharon,Linebarger,Email Correspondence,Finance
2024-08-10,BT93,54.4651,-7.8264,dale.harris@gmail.com,Dale,Harris,Webinar,Healthcare
2024-04-05,BD18,53.83154,-1.77662,john.morris@gmail.com,John,Morris,1-2-1 Conversation,Software Engineering
2024-10-07,BB12,53.80353,-2.29005,larry.numbers@gmail.com,Larry,Numbers,1-2-1 Conversation,Healthcare
2024-11-05,CA10,54.61104,-2.65966,kathryn.roger@gmail.com,Kathryn,Roger,Networking Event,Software Engineering
2024-02-12,GL17,51.85542,-2.51405,ruth.martinez@gmail.com,Ruth,Martinez,Webinar,Healthcare
2024-07-11,SL7,51.57411,-0.7762,fern.millard@gmail.com,Fern,Millard,Workshop,B2B Marketing
2024-04-24,EX3,50.68645,-3.45824,susan.harrison@gmail.com,Susan,Harrison,Networking Event,Software Engineering
2024-10-11,G33,55.87351,-4.16593,gladys.jones@gmail.com,Gladys,Jones,Email Correspondence,Software Engineering
2024-04-14,AB56,57.67442,-2.92559,reynaldo.duy@gmail.com,Reynaldo,Duy,Networking Event,Healthcare
2024-09-02,GU32,51.00849,-0.96934,gloria.broadway@gmail.com,Gloria,Broadway,1-2-1 Conversation,Education
2024-11-12,S6,53.40195,-1.50962,helen.arruda@gmail.com,Helen,Arruda,Email Correspondence,B2B Marketing
2024-04-23,HR7,52.18629,-2.52079,carl.rodriguez@gmail.com,Carl,Rodriguez,Webinar,Education
2024-01-08,PH36,56.72124,-5.86584,india.thomas@gmail.com,India,Thomas,Webinar,Finance
2024-07-05,WA9,53.43676,-2.71811,priscilla.soucy@gmail.com,Priscilla,Soucy,Webinar,Healthcare
2024-11-07,PA18,55.88928,-4.88661,george.campbell@gmail.com,George,Campbell,Email Correspondence,B2B Marketing
2024-10-25,SY18,52.44076,-3.54784,william.reed@gmail.com,William,Reed,1-2-1 Conversation,Healthcare
2024-02-27,EN4,51.6479,-0.15983,larry.maples@gmail.com,Larry,Maples,Networking Event,Healthcare
2024-10-15,SK3,53.39835,-2.16996,gladys.turner@gmail.com,Gladys,Turner,Workshop,B2B Marketing
2024-01-05,LE14,52.7838,-0.89527,candace.mikos@gmail.com,Candace,Mikos,Workshop,Data Science
2024-01-23,IP23,52.30615,1.12472,carol.lubinski@gmail.com,Carol,Lubinski,Networking Event,Finance
2024-09-15,PO14,50.83685,-1.21884,james.schaefer@gmail.com,James,Schaefer,Workshop,Education
2024-02-22,G46,55.80446,-4.30573,malinda.ortiz@gmail.com,Malinda,Ortiz,1-2-1 Conversation,Healthcare
2024-03-03,LL66,53.38055,-4.40427,dennis.mora@gmail.com,Dennis,Mora,1-2-1 Conversation,B2B Marketing
2024-10-23,BS11,51.49672,-2.67425,micah.oconnell@gmail.com,Micah,Oconnell,Email Correspondence,Education
2024-01-16,E11,51.56769,0.01443,sue.scrabeck@gmail.com,Sue,Scrabeck,1-2-1 Conversation,Education
2024-08-01,WS1,52.57945,-1.97786,melinda.owens@gmail.com,Melinda,Owens,1-2-1 Conversation,Data Science
2024-02-08,IP2,52.04501,1.13563,rena.vazquez@gmail.com,Rena,Vazquez,1-2-1 Conversation,Education
2024-12-28,SG5,51.96727,-0.28654,danny.harpe@gmail.com,Danny,Harpe,Webinar,Data Science
2024-02-16,HX3,53.72648,-1.84387,teresa.west@gmail.com,Teresa,West,Networking Event,Finance
2024-10-16,CT19,51.08785,1.1704,bernard.whitehead@gmail.com,Bernard,Whitehead,Networking Event,Healthcare
2024-05-16,W9,51.52607,-0.1907,diane.george@gmail.com,Diane,George,1-2-1 Conversation,Finance
2024-01-05,ST13,53.1009,-2.01793,jon.pantoja@gmail.com,Jon,Pantoja,Networking Event,Finance
2024-04-23,DY4,52.53269,-2.05308,milagros.vogelpohl@gmail.com,Milagros,Vogelpohl,Networking Event,Finance
2024-07-08,L11,53.44801,-2.91407,rose.tebow@gmail.com,Rose,Tebow,Workshop,Education
2024-12-24,BT46,54.86568,-6.66393,laine.rivera@gmail.com,Laine,Rivera,1-2-1 Conversation,Finance
2024-09-06,L38,53.5242,-3.04998,nancy.roberson@gmail.com,Nancy,Roberson,Workshop,Software Engineering
2024-05-20,KW17,59.04195,-3.00217,elizabeth.mccarthy@gmail.com,Elizabeth,Mccarthy,Networking Event,Education
2024-01-05,EX14,50.81272,-3.1896,larry.beach@gmail.com,Larry,Beach,Webinar,Data Science
2024-04-01,IP14,52.20597,1.03423,viola.moore@gmail.com,Viola,Moore,Webinar,Software Engineering
2024-03-13,CF62,51.40412,-3.30841,joseph.mcgraw@gmail.com,Joseph,Mcgraw,Networking Event,B2B Marketing
2024-01-01,IG11,51.53573,0.09378,clara.snively@gmail.com,Clara,Snively,Webinar,Software Engineering
2024-06-27,BD14,53.78217,-1.81635,teresita.mcdermott@gmail.com,Teresita,Mcdermott,Networking Event,Data Science
2024-01-09,OX20,51.85659,-1.35814,charlie.milburn@gmail.com,Charlie,Milburn,1-2-1 Conversation,B2B Marketing
2024-12-21,TA21,50.97673,-3.24507,andrew.torres@gmail.com,Andrew,Torres,Networking Event,B2B Marketing
2024-08-08,KA8,55.4711,-4.61222,shane.driver@gmail.com,Shane,Driver,Networking Event,Education
2024-05-16,BD6,53.76414,-1.78305,ricardo.gonzalez@gmail.com,Ricardo,Gonzalez,Email Correspondence,Data Science
2024-04-09,L27,53.38744,-2.83758,raul.johnson@gmail.com,Raul,Johnson,Email Correspondence,Data Science
2024-09-13,W1C,51.51371,-0.14795,juan.cokley@gmail.com,Juan,Cokley,Webinar,Healthcare
2024-08-18,N11,51.61338,-0.13812,guillermo.johnson@gmail.com,Guillermo,Johnson,Workshop,Software Engineering
2024-09-18,LS23,53.90372,-1.35458,lynn.fletcher@gmail.com,Lynn,Fletcher,1-2-1 Conversation,Healthcare
2024-11-27,CH63,53.34474,-3.01101,paul.winesett@gmail.com,Paul,Winesett,1-2-1 Conversation,Education
2024-04-10,IP31,52.29023,0.82877,ronnie.wishart@gmail.com,Ronnie,Wishart,1-2-1 Conversation,Healthcare
2024-04-04,ST4,52.99468,-2.18328,thomas.gardner@gmail.com,Thomas,Gardner,Email Correspondence,Data Science
2024-11-24,NE49,54.96698,-2.45927,kimberly.morales@gmail.com,Kimberly,Morales,Networking Event,B2B Marketing
2024-10-21,SE22,51.45401,-0.07119,betty.jacobs@gmail.com,Betty,Jacobs,Networking Event,Software Engineering
2024-10-16,WA11,53.47721,-2.71879,terrie.vizcarrondo@gmail.com,Terrie,Vizcarrondo,Workshop,Software Engineering
2024-03-17,SK9,53.32723,-2.22975,jack.matlock@gmail.com,Jack,Matlock,Email Correspondence,Data Science
2024-05-03,TQ7,50.28256,-3.78278,ronald.sidney@gmail.com,Ronald,Sidney,Networking Event,Finance
2024-12-24,KA15,55.74859,-4.62596,alissa.young@gmail.com,Alissa,Young,Email Correspondence,Healthcare
2024-01-16,SY24,52.47045,-4.02302,richard.landry@gmail.com,Richard,Landry,Networking Event,Finance
2024-06-10,L31,53.51346,-2.93659,debra.berman@gmail.com,Debra,Berman,Email Correspondence,Education
2024-11-18,CV4,52.39794,-1.56492,daniel.shute@gmail.com,Daniel,Shute,Networking Event,Software Engineering
2024-09-15,EX10,50.69252,-3.24461,james.matthews@gmail.com,James,Matthews,Webinar,Data Science
2024-12-17,PA78,56.62454,-6.54449,gloria.bailey@gmail.com,Gloria,Bailey,Webinar,Software Engineering
2024-10-02,BH25,50.75173,-1.65692,timothy.smith@gmail.com,Timothy,Smith,Networking Event,Finance
2024-05-14,IV23,57.77322,-5.01018,sharon.stephens@gmail.com,Sharon,Stephens,Webinar,B2B Marketing
2024-07-01,TR27,50.18162,-5.4028,kenneth.smith@gmail.com,Kenneth,Smith,Networking Event,Education
2024-01-31,FK19,56.37057,-4.3139,justin.koester@gmail.com,Justin,Koester,Workshop,Education
2024-06-20,WR8,52.08207,-2.20287,patricia.hopkins@gmail.com,Patricia,Hopkins,Networking Event,Education
2024-06-13,FK2,56.00499,-3.75461,timothy.rogers@gmail.com,Timothy,Rogers,1-2-1 Conversation,B2B Marketing
2024-05-04,PE30,52.75978,0.41884,wendy.hawkes@gmail.com,Wendy,Hawkes,Webinar,Data Science
2024-04-05,B64,52.47244,-2.06773,charlie.williams@gmail.com,Charlie,Williams,Webinar,Education
2024-11-11,FK18,56.32448,-4.32728,donald.wansley@gmail.com,Donald,Wansley,1-2-1 Conversation,Healthcare
2024-05-04,SS13,51.57433,0.50981,joshua.keene@gmail.com,Joshua,Keene,Email Correspondence,Education
2024-03-09,AB37,57.33098,-3.35051,richard.riley@gmail.com,Richard,Riley,Workshop,Data Science
2024-09-27,KA17,55.61075,-4.28164,carolyn.diaz@gmail.com,Carolyn,Diaz,1-2-1 Conversation,Data Science
2024-04-11,ME18,51.24426,0.42301,darrel.eck@gmail.com,Darrel,Eck,Workshop,Healthcare
2024-08-29,MK12,52.05741,-0.81555,marion.richards@gmail.com,Marion,Richards,Networking Event,Software Engineering
2024-04-08,L12,53.43467,-2.89421,richard.perez@gmail.com,Richard,Perez,Networking Event,Data Science
2024-06-19,ML1,55.79943,-3.97512,elsie.hernandez@gmail.com,Elsie,Hernandez,Email Correspondence,Data Science
2024-12-26,BT31,54.27783,-5.96992,marietta.esterbrook@gmail.com,Marietta,Esterbrook,Workshop,Healthcare
2024-06-07,EH52,55.93756,-3.48256,glen.canary@gmail.com,Glen,Canary,Workshop,Healthcare
2024-03-20,KA30,55.79725,-4.86224,jody.scott@gmail.com,Jody,Scott,1-2-1 Conversation,Healthcare
2024-10-25,OX3,51.76131,-1.21458,nancy.lannon@gmail.com,Nancy,Lannon,Webinar,Healthcare
2024-06-20,YO25,54.00465,-0.41302,deborah.mathis@gmail.com,Deborah,Mathis,Webinar,Data Science
2024-10-14,UB1,51.51435,-0.37278,stephanie.harvey@gmail.com,Stephanie,Harvey,Networking Event,Data Science
2024-06-07,RM13,51.52397,0.19561,ada.willie@gmail.com,Ada,Willie,1-2-1 Conversation,Software Engineering
2024-12-16,CO14,51.84979,1.26873,pearl.maynard@gmail.com,Pearl,Maynard,Networking Event,Education
2024-06-19,HG3,54.03069,-1.61676,marianela.albanese@gmail.com,Marianela,Albanese,1-2-1 Conversation,Data Science
2024-03-16,EX13,50.78655,-3.00733,denise.helgeson@gmail.com,Denise,Helgeson,Networking Event,Software Engineering
2024-05-23,BT26,54.45201,-6.06088,jewel.smith@gmail.com,Jewel,Smith,Email Correspondence,Data Science
2024-01-05,BS32,51.54228,-2.55955,christopher.warren@gmail.com,Christopher,Warren,Webinar,B2B Marketing
2024-08-21,CV34,52.2829,-1.57924,melissa.francis@gmail.com,Melissa,Francis,Networking Event,B2B Marketing
2024-09-04,CM77,51.86224,0.52554,seth.day@gmail.com,Seth,Day,Workshop,Software Engineering
2024-11-19,IP33,52.24178,0.70848,michael.kaplan@gmail.com,Michael,Kaplan,1-2-1 Conversation,Healthcare
2024-08-28,TA12,50.97452,-2.77207,bryan.trejo@gmail.com,Bryan,Trejo,Networking Event,Education
2024-01-19,NG21,53.14069,-1.10443,curtis.flores@gmail.com,Curtis,Flores,Email Correspondence,Healthcare
2024-03-16,W12,51.50777,-0.2289,nelson.lindsey@gmail.com,Nelson,Lindsey,Webinar,Data Science
2024-08-20,PA36,56.52032,-4.77019,ronald.minton@gmail.com,Ronald,Minton,Workshop,Healthcare
2024-11-03,IV23,57.77322,-5.01018,johanna.shepard@gmail.com,Johanna,Shepard,Workshop,Data Science
2024-11-16,SM5,51.36741,-0.16679,joseph.miller@gmail.com,Joseph,Miller,Networking Event,Software Engineering
2024-08-10,SW18,51.4496,-0.18941,spencer.everly@gmail.com,Spencer,Everly,Webinar,Data Science
2024-07-06,TQ13,50.59296,-3.71817,penny.casas@gmail.com,Penny,Casas,1-2-1 Conversation,Education
2024-01-21,GU8,51.15082,-0.64014,john.bertozzi@gmail.com,John,Bertozzi,Networking Event,Education
2024-03-11,WC1X,51.52489,-0.11578,karen.serrano@gmail.com,Karen,Serrano,Webinar,B2B Marketing
2024-02-20,ME7,51.37904,0.5566,gary.lee@gmail.com,Gary,Lee,Networking Event,Data Science
2024-03-19,EX39,51.01394,-4.24557,meaghan.armstrong@gmail.com,Meaghan,Armstrong,Networking Event,Finance
2024-12-26,LE6,52.66244,-1.24141,timothy.marsh@gmail.com,Timothy,Marsh,Networking Event,Healthcare
2024-02-23,CF32,51.55992,-3.58268,nicholas.burke@gmail.com,Nicholas,Burke,Email Correspondence,Software Engineering
2024-04-18,TW13,51.43828,-0.39995,sarah.gregory@gmail.com,Sarah,Gregory,1-2-1 Conversation,Education
2024-08-10,FK20,56.4065,-4.63059,nancy.hegarty@gmail.com,Nancy,Hegarty,Email Correspondence,Finance
2024-04-17,PL30,50.49992,-4.72743,lisa.smith@gmail.com,Lisa,Smith,1-2-1 Conversation,Healthcare
2024-12-05,SG14,51.80688,-0.09098,wade.james@gmail.com,Wade,James,1-2-1 Conversation,Finance
2024-11-19,EC3P,51.52016,-0.10156,tom.singer@gmail.com,Tom,Singer,Networking Event,B2B Marketing
2024-04-29,WA15,53.38364,-2.32478,mario.donze@gmail.com,Mario,Donze,Email Correspondence,Healthcare
2024-12-03,CM5,51.72083,0.24857,manuel.roybal@gmail.com,Manuel,Roybal,Email Correspondence,Data Science
2024-02-12,DH6,54.75276,-1.46391,priscilla.karpinen@gmail.com,Priscilla,Karpinen,Webinar,Finance
2024-07-01,AB23,57.21242,-2.08776,calvin.premo@gmail.com,Calvin,Premo,Webinar,Healthcare
2024-10-29,BT82,54.82576,-7.42777,virginia.lefeber@gmail.com,Virginia,Lefeber,Email Correspondence,B2B Marketing
2024-02-04,CA20,54.40987,-3.46081,alberto.wells@gmail.com,Alberto,Wells,Workshop,Education
2024-07-27,BS8,51.45745,-2.62041,idella.taylor@gmail.com,Idella,Taylor,Email Correspondence,B2B Marketing
2024-03-19,DY1,52.51648,-2.0958,ruth.balliew@gmail.com,Ruth,Balliew,Webinar,Data Science
2024-01-02,RH11,51.11079,-0.20554,jeannette.becerra@gmail.com,Jeannette,Becerra,Networking Event,Healthcare
2024-10-28,CF15,51.53401,-3.27319,nathan.austin@gmail.com,Nathan,Austin,Webinar,B2B Marketing
2024-12-10,EN5,51.64934,-0.19447,jonathan.chapman@gmail.com,Jonathan,Chapman,1-2-1 Conversation,Finance
2024-04-28,LL32,53.26022,-3.83968,david.winters@gmail.com,David,Winters,Workshop,Data Science
2024-11-24,HP5,51.71251,-0.60744,robert.meehan@gmail.com,Robert,Meehan,Networking Event,Healthcare
2024-10-09,BL9,53.5914,-2.28557,judy.jordon@gmail.com,Judy,Jordon,Email Correspondence,Software Engineering
2024-08-26,EH9,55.9336,-3.18463,nora.jones@gmail.com,Nora,Jones,1-2-1 Conversation,Data Science
2024-04-05,BS22,51.36008,-2.92936,don.bachmeier@gmail.com,Don,Bachmeier,Webinar,Data Science
2024-03-19,GL50,51.89968,-2.07995,glenn.mart@gmail.com,Glenn,Mart,Networking Event,Education
2024-01-25,IV45,57.06714,-5.90508,michelle.martinez@gmail.com,Michelle,Martinez,Workshop,Finance
2024-09-09,WV6,52.5955,-2.18161,debra.logsdon@gmail.com,Debra,Logsdon,Webinar,Finance
2024-12-19,WR5,52.17738,-2.19891,patricia.appello@gmail.com,Patricia,Appello,Email Correspondence,Education
2024-11-14,L40,53.60227,-2.84032,walter.wilson@gmail.com,Walter,Wilson,1-2-1 Conversation,Software Engineering
2024-02-24,OX13,51.67849,-1.34765,chong.betancourt@gmail.com,Chong,Betancourt,Email Correspondence,Education
2024-05-31,CR4,51.40415,-0.15813,blake.nichols@gmail.com,Blake,Nichols,Webinar,Data Science
2024-08-18,TN36,50.92061,0.70216,russell.lewis@gmail.com,Russell,Lewis,1-2-1 Conversation,B2B Marketing
2024-09-16,IP20,52.40601,1.3215,clifton.stemm@gmail.com,Clifton,Stemm,Networking Event,Education
2024-05-10,TR2,50.25334,-4.95186,karen.crown@gmail.com,Karen,Crown,Webinar,Data Science
2024-11-17,LN9,53.21719,-0.11124,dominique.vanhoose@gmail.com,Dominique,Vanhoose,Email Correspondence,Software Engineering
2024-11-01,B78,52.60598,-1.67362,reginald.farnell@gmail.com,Reginald,Farnell,Webinar,Education
2024-03-13,KA4,55.59894,-4.38256,ruth.willis@gmail.com,Ruth,Willis,1-2-1 Conversation,B2B Marketing
2024-05-12,CV1,52.40939,-1.506,christian.edgington@gmail.com,Christian,Edgington,Webinar,Software Engineering
2024-02-21,DD8,56.6565,-2.92171,beverly.johnson@gmail.com,Beverly,Johnson,Webinar,Finance
2024-04-03,SS16,51.56201,0.4543,connie.jones@gmail.com,Connie,Jones,Networking Event,Data Science
2024-12-29,M44,53.44086,-2.42609,frank.chen@gmail.com,Frank,Chen,Workshop,Data Science
2024-04-07,CR5,51.31211,-0.13886,beatrice.norwood@gmail.com,Beatrice,Norwood,Webinar,Software Engineering
2024-03-16,CV35,52.229,-1.5944,phil.sorbo@gmail.com,Phil,Sorbo,1-2-1 Conversation,B2B Marketing
2024-03-25,NP20,51.59057,-3.0048,mark.smith@gmail.com,Mark,Smith,Email Correspondence,B2B Marketing
2024-06-14,DN35,53.55494,-0.03583,isabelle.greeno@gmail.com,Isabelle,Greeno,Email Correspondence,Finance
2024-06-17,SG7,52.00335,-0.17443,sheri.lawson@gmail.com,Sheri,Lawson,1-2-1 Conversation,B2B Marketing
2024-11-04,CA23,54.51465,-3.49236,elizabeth.thompson@gmail.com,Elizabeth,Thompson,Workshop,Software Engineering
2024-05-23,LL73,53.33511,-4.24397,jacque.ragan@gmail.com,Jacque,Ragan,Networking Event,Education
2024-11-26,HP12,51.62538,-0.77771,arletta.anderson@gmail.com,Arletta,Anderson,Workshop,Data Science
2024-12-24,G45,55.80494,-4.23074,georgeanna.bryant@gmail.com,Georgeanna,Bryant,Email Correspondence,Software Engineering
2024-01-07,DA14,51.42475,0.11316,darla.davis@gmail.com,Darla,Davis,Workshop,B2B Marketing
2024-05-31,G32,55.8484,-4.16293,edward.carter@gmail.com,Edward,Carter,Email Correspondence,Healthcare
2024-12-09,SR6,54.9348,-1.37876,wayne.trujillo@gmail.com,Wayne,Trujillo,Networking Event,Finance
2024-10-16,LE6,52.66244,-1.24141,mary.hansen@gmail.com,Mary,Hansen,Webinar,Education
2024-09-08,BD22,53.84522,-1.95288,kim.kim@gmail.com,Kim,Kim,Workshop,B2B Marketing
2024-09-02,G66,55.94024,-4.15364,karen.feeney@gmail.com,Karen,Feeney,Networking Event,Finance
2024-10-06,PA1,55.84457,-4.41674,tricia.boyd@gmail.com,Tricia,Boyd,1-2-1 Conversation,B2B Marketing
2024-07-30,DL17,54.68118,-1.54086,philip.simpson@gmail.com,Philip,Simpson,Email Correspondence,Healthcare
2024-07-12,GY9,49.57183,-2.28244,pamela.kyger@gmail.com,Pamela,Kyger,Email Correspondence,Finance
2024-02-27,KY5,56.14548,-3.29416,herbert.jones@gmail.com,Herbert,Jones,Networking Event,B2B Marketing
2024-06-02,NW11,51.57831,-0.19584,nora.kelley@gmail.com,Nora,Kelley,Workshop,Finance
2024-05-11,TR15,50.23225,-5.23669,herbert.bohanan@gmail.com,Herbert,Bohanan,1-2-1 Conversation,Software Engineering
2024-02-03,CR7,51.39517,-0.10242,douglas.stewart@gmail.com,Douglas,Stewart,Webinar,Finance
2024-09-01,RH8,51.2513,0.00344,martin.saville@gmail.com,Martin,Saville,Workshop,B2B Marketing
2024-09-02,DY11,52.38496,-2.26009,arlene.case@gmail.com,Arlene,Case,Workshop,Healthcare
2024-06-05,EC3P,51.52016,-0.10156,christopher.madero@gmail.com,Christopher,Madero,1-2-1 Conversation,B2B Marketing
2024-11-12,B36,52.50373,-1.77899,cathy.fitzpatrick@gmail.com,Cathy,Fitzpatrick,Workshop,Healthcare
2024-10-27,B66,52.49314,-1.96465,karen.hackleman@gmail.com,Karen,Hackleman,Workshop,B2B Marketing
2024-09-05,GU12,51.25167,-0.73032,dianne.ostrander@gmail.com,Dianne,Ostrander,Workshop,Data Science
2024-05-11,WF8,53.68497,-1.29887,willie.farrow@gmail.com,Willie,Farrow,1-2-1 Conversation,Finance
2024-06-19,BT77,54.42711,-7.11701,michael.king@gmail.com,Michael,King,Webinar,Software Engineering
2024-09-30,BS14,51.41278,-2.56084,susan.mason@gmail.com,Susan,Mason,Email Correspondence,Data Science
2024-08-13,WC1E,51.52065,-0.13181,kenneth.czapla@gmail.com,Kenneth,Czapla,1-2-1 Conversation,Healthcare
2024-04-16,TF5,52.7149,-2.53594,james.jones@gmail.com,James,Jones,Networking Event,Healthcare
2024-01-23,KW8,58.11611,-3.6636,cynthia.driskill@gmail.com,Cynthia,Driskill,Networking Event,Education
2024-02-10,YO16,54.09514,-0.20004,roger.smith@gmail.com,Roger,Smith,Email Correspondence,Education
2024-09-06,S5,53.42152,-1.46124,mark.easton@gmail.com,Mark,Easton,Email Correspondence,Finance
2024-12-09,LA6,54.17537,-2.61134,david.ratzlaff@gmail.com,David,Ratzlaff,Workshop,Education
2024-10-08,ME11,51.41247,0.74833,jerry.mullins@gmail.com,Jerry,Mullins,Webinar,Data Science
2024-04-27,HP16,51.70208,-0.71775,howard.goss@gmail.com,Howard,Goss,Webinar,Healthcare
2024-04-06,NR4,52.61357,1.26479,rae.bates@gmail.com,Rae,Bates,Email Correspondence,Healthcare
2024-11-15,DN10,53.42705,-0.94339,christine.ortega@gmail.com,Christine,Ortega,Workshop,Data Science
2024-11-28,B71,52.5354,-1.98968,richard.preuss@gmail.com,Richard,Preuss,Workshop,Education
2024-04-24,FY7,53.91635,-3.02629,mary.lee@gmail.com,Mary,Lee,Email Correspondence,Software Engineering
2024-04-12,BL6,53.59142,-2.53941,dave.brickell@gmail.com,Dave,Brickell,Networking Event,Finance
2024-11-11,LS14,53.82782,-1.45604,shane.santiago@gmail.com,Shane,Santiago,Networking Event,Finance
2024-09-14,NR5,52.6405,1.23427,ron.cox@gmail.com,Ron,Cox,Workshop,Education
2024-05-09,IM1,54.15048,-4.48174,jon.greer@gmail.com,Jon,Greer,Workshop,Software Engineering
2024-04-28,PA3,55.85205,-4.44757,kevin.brown@gmail.com,Kevin,Brown,1-2-1 Conversation,Data Science
2024-08-22,NP23,51.78482,-3.19615,amelia.smith@gmail.com,Amelia,Smith,1-2-1 Conversation,Software Engineering
2024-07-19,SY14,53.02924,-2.76203,joseph.glueck@gmail.com,Joseph,Glueck,1-2-1 Conversation,B2B Marketing
2024-09-07,IP11,51.97028,1.3343,christine.winburn@gmail.com,Christine,Winburn,Email Correspondence,Finance
2024-07-06,LL22,53.26827,-3.59257,francis.starr@gmail.com,Francis,Starr,Networking Event,Healthcare
2024-01-23,N12,51.61487,-0.17561,lori.lucy@gmail.com,Lori,Lucy,Networking Event,Software Engineering
2024-04-08,IP11,51.97028,1.3343,claude.soto@gmail.com,Claude,Soto,1-2-1 Conversation,Data Science
2024-06-02,GL51,51.89876,-2.10756,helen.keenum@gmail.com,Helen,Keenum,Workshop,Education
2024-08-21,NR21,52.84097,0.85257,james.ratcliff@gmail.com,James,Ratcliff,1-2-1 Conversation,Education
2024-10-20,DE6,52.99358,-1.7169,sarah.miller@gmail.com,Sarah,Miller,Workshop,Software Engineering
2024-07-22,WD7,51.68611,-0.30876,joan.johnson@gmail.com,Joan,Johnson,Email Correspondence,Software Engineering
2024-01-16,KW16,58.95963,-3.27278,don.bell@gmail.com,Don,Bell,1-2-1 Conversation,Software Engineering
2024-10-10,IV45,57.06714,-5.90508,mary.buchanan@gmail.com,Mary,Buchanan,Networking Event,Finance
2024-03-30,SE24,51.45446,-0.09853,mary.boyle@gmail.com,Mary,Boyle,Workshop,Software Engineering
2024-03-07,BT22,54.5032,-5.51886,carmen.dikes@gmail.com,Carmen,Dikes,1-2-1 Conversation,Data Science
2024-05-27,NE19,55.17901,-2.0958,linda.ally@gmail.com,Linda,Ally,Email Correspondence,Software Engineering
2024-03-14,CA6,54.99423,-2.8926,albert.mcbratney@gmail.com,Albert,Mcbratney,1-2-1 Conversation,Education
2024-12-04,M7,53.50516,-2.26086,margaret.bloxham@gmail.com,Margaret,Bloxham,Webinar,Data Science
2024-01-03,HP9,51.61035,-0.63801,earl.pettner@gmail.com,Earl,Pettner,1-2-1 Conversation,Data Science
2024-08-26,SG13,51.78673,-0.06863,lori.meath@gmail.com,Lori,Meath,1-2-1 Conversation,Data Science
2024-01-31,L30,53.48442,-2.97062,kyle.jones@gmail.com,Kyle,Jones,Webinar,Finance
2024-01-07,BS20,51.47916,-2.75176,misty.williamson@gmail.com,Misty,Williamson,Email Correspondence,Software Engineering
2024-06-13,PA28,55.43603,-5.60305,eric.garcia@gmail.com,Eric,Garcia,Workshop,Software Engineering
2024-09-13,WF15,53.70822,-1.69849,maurine.shannon@gmail.com,Maurine,Shannon,1-2-1 Conversation,Healthcare
2024-12-21,CH63,53.34474,-3.01101,inez.mora@gmail.com,Inez,Mora,Networking Event,Software Engineering
2024-10-10,BS8,51.45745,-2.62041,alexander.tapia@gmail.com,Alexander,Tapia,Networking Event,Healthcare
2024-09-22,BA21,50.95107,-2.63358,alisha.foy@gmail.com,Alisha,Foy,Workshop,B2B Marketing
2024-07-23,SL8,51.57786,-0.70682,william.carpenter@gmail.com,William,Carpenter,Email Correspondence,B2B Marketing
2024-06-16,M38,53.53167,-2.42096,ruth.breceda@gmail.com,Ruth,Breceda,Networking Event,B2B Marketing
2024-03-11,SN10,51.33589,-1.98708,barbara.brodowski@gmail.com,Barbara,Brodowski,1-2-1 Conversation,Healthcare
2024-04-06,SK2,53.3948,-2.13235,rose.maertz@gmail.com,Rose,Maertz,Webinar,Healthcare
2024-03-28,TN39,50.84602,0.45488,cesar.meeks@gmail.com,Cesar,Meeks,1-2-1 Conversation,B2B Marketing
2024-06-28,NE64,55.18437,-1.51467,julie.bogar@gmail.com,Julie,Bogar,Email Correspondence,Data Science
2024-06-30,M44,53.44086,-2.42609,james.martin@gmail.com,James,Martin,Networking Event,Data Science
2024-08-31,LL72,53.34957,-4.24023,shannon.blanchard@gmail.com,Shannon,Blanchard,Email Correspondence,Finance
2024-11-30,NG24,53.06966,-0.79841,dean.reynolds@gmail.com,Dean,Reynolds,Email Correspondence,Data Science
2024-10-16,ML2,55.77706,-3.91179,daniel.erebia@gmail.com,Daniel,Erebia,Webinar,Data Science
2024-09-14,BB7,53.87338,-2.38636,linda.masztal@gmail.com,Linda,Masztal,Networking Event,Healthcare
2024-06-09,E7,51.54678,0.02793,michele.bordelon@gmail.com,Michele,Bordelon,Email Correspondence,Software Engineering
2024-06-02,HU3,53.74148,-0.36381,ernesto.mccormick@gmail.com,Ernesto,Mccormick,Networking Event,B2B Marketing
2024-08-11,GU21,51.32006,-0.57773,michael.rudy@gmail.com,Michael,Rudy,Networking Event,Education
2024-04-01,EH52,55.93756,-3.48256,roxanna.wesley@gmail.com,Roxanna,Wesley,Networking Event,Healthcare
2024-03-01,IP27,52.4298,0.5861,robert.miller@gmail.com,Robert,Miller,Networking Event,B2B Marketing
2024-10-11,NR9,52.63574,1.10973,lydia.elliam@gmail.com,Lydia,Elliam,1-2-1 Conversation,B2B Marketing
2024-05-25,NE4,54.97361,-1.64221,rene.dean@gmail.com,Rene,Dean,Webinar,Data Science
2024-04-28,SE14,51.47511,-0.0415,rosemarie.santana@gmail.com,Rosemarie,Santana,Webinar,Healthcare
2024-04-05,LS17,53.85958,-1.52709,linette.jourdan@gmail.com,Linette,Jourdan,Networking Event,B2B Marketing
2024-08-10,PO6,50.84564,-1.06811,ciera.elam@gmail.com,Ciera,Elam,Email Correspondence,Data Science
2024-07-05,BD16,53.84871,-1.83278,james.acevedo@gmail.com,James,Acevedo,Workshop,Software Engineering
2024-12-10,HR4,52.08784,-2.76632,gregory.harris@gmail.com,Gregory,Harris,Networking Event,B2B Marketing
2024-05-23,CH5,53.20424,-3.04064,jillian.carman@gmail.com,Jillian,Carman,Webinar,Finance
2024-08-11,KA24,55.70981,-4.71412,robert.doran@gmail.com,Robert,Doran,Webinar,Healthcare
2024-07-18,SW14,51.46514,-0.26511,virginia.gard@gmail.com,Virginia,Gard,Webinar,Education
2024-12-29,G71,55.8221,-4.07206,james.clark@gmail.com,James,Clark,Email Correspondence,Finance
2024-05-23,PE22,53.04826,0.0455,glenn.harten@gmail.com,Glenn,Harten,1-2-1 Conversation,B2B Marketing
2024-08-20,B17,52.46077,-1.96026,jerry.fernandez@gmail.com,Jerry,Fernandez,Workshop,Software Engineering
2024-11-09,PA17,55.86512,-4.88162,connie.smith@gmail.com,Connie,Smith,Webinar,Software Engineering
2024-10-01,TW10,51.44949,-0.30168,stacey.newsome@gmail.com,Stacey,Newsome,Webinar,Data Science
2024-02-11,M30,53.48424,-2.35418,jason.olson@gmail.com,Jason,Olson,Webinar,Healthcare
2024-01-08,HU19,53.72277,0.03566,alyce.tarlton@gmail.com,Alyce,Tarlton,1-2-1 Conversation,Finance
2024-11-26,DN32,53.56266,-0.06869,kathryn.adams@gmail.com,Kathryn,Adams,Webinar,B2B Marketing
2024-08-25,NE29,55.0116,-1.46359,garth.davis@gmail.com,Garth,Davis,Networking Event,Finance
2024-01-11,IP33,52.24178,0.70848,laverne.acosta@gmail.com,Laverne,Acosta,Email Correspondence,Data Science
2024-05-01,SK11,53.24646,-2.14238,irene.brock@gmail.com,Irene,Brock,Workshop,B2B Marketing
2024-01-02,NE42,54.96237,-1.85474,steven.germain@gmail.com,Steven,Germain,1-2-1 Conversation,Education
2024-11-12,ME16,51.27414,0.49915,caitlyn.roberson@gmail.com,Caitlyn,Roberson,Webinar,Education
2024-12-20,G45,55.80494,-4.23074,lily.mccabe@gmail.com,Lily,Mccabe,1-2-1 Conversation,Data Science
2024-12-29,PE37,52.64414,0.69336,jeffrey.maldonado@gmail.com,Jeffrey,Maldonado,Workshop,Education
2024-12-08,PA77,56.49469,-6.8835,dominic.raleigh@gmail.com,Dominic,Raleigh,1-2-1 Conversation,Finance
2024-06-05,HS7,57.44703,-7.33888,efrain.rayfield@gmail.com,Efrain,Rayfield,Workshop,Data Science
2024-11-19,N13,51.6191,-0.10176,maria.hall@gmail.com,Maria,Hall,Workshop,Healthcare
2024-11-05,KA21,55.64176,-4.78253,ashley.mitchell@gmail.com,Ashley,Mitchell,Email Correspondence,Software Engineering
2024-08-15,KT4,51.37757,-0.24255,dorothy.landrus@gmail.com,Dorothy,Landrus,1-2-1 Conversation,Healthcare
2024-11-01,SL8,51.57786,-0.70682,florence.webster@gmail.com,Florence,Webster,Email Correspondence,B2B Marketing
2024-03-03,EH29,55.95652,-3.39838,terrell.baumgardner@gmail.com,Terrell,Baumgardner,Webinar,Software Engineering
2024-02-01,S25,53.36891,-1.21389,lauren.nakagawa@gmail.com,Lauren,Nakagawa,Workshop,Data Science
2024-05-26,CV34,52.2829,-1.57924,jade.spruill@gmail.com,Jade,Spruill,Webinar,Finance
2024-07-14,G74,55.76912,-4.17289,albert.buck@gmail.com,Albert,Buck,Workshop,Healthcare
2024-02-03,YO7,54.2237,-1.3496,mabel.alliston@gmail.com,Mabel,Alliston,Email Correspondence,Healthcare
2024-10-31,CT7,51.37122,1.30062,john.jenkins@gmail.com,John,Jenkins,Email Correspondence,Software Engineering
2024-09-08,FK3,56.01087,-3.71958,ryan.plunkett@gmail.com,Ryan,Plunkett,Email Correspondence,Data Science
2024-03-20,HU18,53.90944,-0.16692,wilma.vanwassenhove@gmail.com,Wilma,Vanwassenhove,Workshop,B2B Marketing
2024-01-13,WC1,51.52139,-0.12169,kevin.andress@gmail.com,Kevin,Andress,1-2-1 Conversation,Healthcare
2024-03-13,ME12,51.42282,0.80507,wade.capo@gmail.com,Wade,Capo,Webinar,Healthcare
2024-02-05,CT12,51.34216,1.37322,joe.dejesus@gmail.com,Joe,Dejesus,Email Correspondence,Data Science
2024-02-08,N9,51.62825,-0.05659,patricia.henry@gmail.com,Patricia,Henry,Email Correspondence,Education
2024-10-05,NW11,51.57831,-0.19584,alisha.lee@gmail.com,Alisha,Lee,1-2-1 Conversation,Finance
2024-07-31,CF39,51.60153,-3.42382,mattie.naquin@gmail.com,Mattie,Naquin,Webinar,Healthcare
2024-09-07,DD8,56.6565,-2.92171,alberto.morado@gmail.com,Alberto,Morado,Workshop,Healthcare
2024-05-11,IP27,52.4298,0.5861,arthur.mccarty@gmail.com,Arthur,Mccarty,1-2-1 Conversation,B2B Marketing
2024-02-10,PA72,56.51761,-5.96381,david.briones@gmail.com,David,Briones,Workshop,Data Science
2024-01-09,DE5,53.04456,-1.4018,troy.sanchez@gmail.com,Troy,Sanchez,Webinar,Education
2024-01-21,SY15,52.55518,-3.12995,andrew.hernandez@gmail.com,Andrew,Hernandez,1-2-1 Conversation,Software Engineering
2024-01-09,B38,52.39962,-1.93385,carol.cuff@gmail.com,Carol,Cuff,Networking Event,Finance
2024-03-10,NG11,52.89934,-1.17335,winston.delmont@gmail.com,Winston,Delmont,1-2-1 Conversation,B2B Marketing
2024-10-14,TF11,52.66253,-2.35933,cara.knoblock@gmail.com,Cara,Knoblock,Workshop,B2B Marketing
2024-01-24,BB1,53.75625,-2.46265,jennifer.bailey@gmail.com,Jennifer,Bailey,1-2-1 Conversation,Education
2024-09-18,NR3,52.64332,1.29511,phyllis.parisien@gmail.com,Phyllis,Parisien,Webinar,Data Science
2024-09-07,GU46,51.3372,-0.82559,charles.walker@gmail.com,Charles,Walker,Webinar,B2B Marketing
2024-10-16,IM2,54.17891,-4.46857,alvin.pope@gmail.com,Alvin,Pope,Webinar,Software Engineering
2024-03-28,WS14,52.66292,-1.81368,lewis.church@gmail.com,Lewis,Church,1-2-1 Conversation,B2B Marketing
2024-02-13,SA4,51.67054,-4.04792,yolanda.momphard@gmail.com,Yolanda,Momphard,Email Correspondence,Software Engineering
2024-10-17,CM12,51.62757,0.41593,jessie.robertson@gmail.com,Jessie,Robertson,Email Correspondence,Data Science
2024-04-26,PL2,50.38856,-4.16242,thomas.olson@gmail.com,Thomas,Olson,Email Correspondence,Education
2024-10-29,PE26,52.45292,-0.1132,justin.whiteside@gmail.com,Justin,Whiteside,1-2-1 Conversation,Finance
2024-11-02,PA34,56.4021,-5.49931,melanie.wilson@gmail.com,Melanie,Wilson,1-2-1 Conversation,Education
2024-11-24,BD24,54.07773,-2.27361,lorenzo.looney@gmail.com,Lorenzo,Looney,Email Correspondence,Finance
2024-04-17,CO1,51.88891,0.9096,brian.floyd@gmail.com,Brian,Floyd,Email Correspondence,Education
2024-06-24,NG13,52.94767,-0.92087,mary.brown@gmail.com,Mary,Brown,Workshop,Education
2024-12-01,LL51,52.97377,-4.23712,margaret.lanzarin@gmail.com,Margaret,Lanzarin,Networking Event,Finance
2024-01-05,HA9,51.55898,-0.28606,jean.bromley@gmail.com,Jean,Bromley,1-2-1 Conversation,Data Science
2024-10-10,CT17,51.12845,1.29613,enrique.duval@gmail.com,Enrique,Duval,Webinar,B2B Marketing
2024-04-07,TA17,50.90753,-2.83497,hollis.izatt@gmail.com,Hollis,Izatt,Workshop,Finance
2024-12-29,PR5,53.73107,-2.65641,joe.koons@gmail.com,Joe,Koons,Webinar,Finance
2024-04-05,YO17,54.13631,-0.75397,christine.gutierrez@gmail.com,Christine,Gutierrez,Webinar,B2B Marketing
2024-11-11,PA61,56.07177,-6.20088,deborah.bohlke@gmail.com,Deborah,Bohlke,Email Correspondence,B2B Marketing
2024-02-01,NE19,55.17901,-2.0958,vera.lout@gmail.com,Vera,Lout,Webinar,Finance
2024-01-15,SO20,51.11361,-1.50422,edward.sawyer@gmail.com,Edward,Sawyer,Workshop,Software Engineering
2024-08-12,DN34,53.55705,-0.11123,joseph.herrington@gmail.com,Joseph,Herrington,Workshop,Healthcare
2024-12-03,WD24,51.67027,-0.39757,becky.byrd@gmail.com,Becky,Byrd,Networking Event,B2B Marketing
2024-07-31,DN37,53.54033,-0.13461,troy.delgado@gmail.com,Troy,Delgado,Webinar,Education
2024-05-15,CB8,52.23083,0.42659,francisco.soares@gmail.com,Francisco,Soares,Networking Event,B2B Marketing
2024-03-12,WS1,52.57945,-1.97786,derek.sauls@gmail.com,Derek,Sauls,Webinar,Education
2024-03-21,NG16,53.02688,-1.29319,jason.alverson@gmail.com,Jason,Alverson,Networking Event,Healthcare
2024-03-19,IV55,57.45873,-6.611,misty.snyder@gmail.com,Misty,Snyder,Networking Event,B2B Marketing
2024-11-11,RG17,51.43998,-1.48775,randy.salas@gmail.com,Randy,Salas,1-2-1 Conversation,Education
2024-09-14,OL10,53.59064,-2.22211,robert.harris@gmail.com,Robert,Harris,Networking Event,Finance
2024-06-15,W1W,51.51897,-0.13909,ann.salinas@gmail.com,Ann,Salinas,Webinar,Data Science
2024-11-19,M32,53.45021,-2.30872,faye.simpson@gmail.com,Faye,Simpson,Networking Event,Education
2024-07-24,TR10,50.16624,-5.11736,lula.birdsong@gmail.com,Lula,Birdsong,Networking Event,Finance
2024-02-26,BT92,54.22294,-7.46184,tyler.rogers@gmail.com,Tyler,Rogers,Workshop,Software Engineering
2024-03-18,PA48,55.73797,-6.38332,ann.sharp@gmail.com,Ann,Sharp,Networking Event,Software Engineering
2024-07-18,NE49,54.96698,-2.45927,lloyd.pineda@gmail.com,Lloyd,Pineda,1-2-1 Conversation,Finance
2024-06-19,AB35,57.03829,-3.14869,mary.fox@gmail.com,Mary,Fox,1-2-1 Conversation,B2B Marketing
2024-09-05,S14,53.34592,-1.44266,john.leslie@gmail.com,John,Leslie,Workshop,B2B Marketing
2024-09-25,BN22,50.78832,0.2844,edward.hernandez@gmail.com,Edward,Hernandez,Workshop,Education
2024-10-11,EX6,50.67744,-3.59668,hank.driver@gmail.com,Hank,Driver,Email Correspondence,B2B Marketing
2024-05-24,PA44,55.79785,-6.29265,susan.baldwin@gmail.com,Susan,Baldwin,1-2-1 Conversation,Education
2024-12-09,YO22,54.45038,-0.62104,brittany.ramirez@gmail.com,Brittany,Ramirez,Networking Event,Healthcare
2024-12-01,SA43,52.08619,-4.62896,adam.kennedy@gmail.com,Adam,Kennedy,Networking Event,Finance
2024-09-22,LL23,52.90493,-3.60003,jaime.miller@gmail.com,Jaime,Miller,1-2-1 Conversation,Data Science
2024-09-02,WV7,52.63309,-2.27043,eva.barreto@gmail.com,Eva,Barreto,1-2-1 Conversation,Healthcare
2024-07-21,B92,52.43628,-1.77345,hazel.rosales@gmail.com,Hazel,Rosales,Email Correspondence,Education
2024-11-18,NR6,52.66074,1.2831,carolyn.clapham@gmail.com,Carolyn,Clapham,Webinar,B2B Marketing
2024-03-19,GL51,51.89876,-2.10756,tasha.koster@gmail.com,Tasha,Koster,Webinar,Finance
2024-08-26,PA27,56.15422,-5.08365,dale.black@gmail.com,Dale,Black,Email Correspondence,Software Engineering
2024-05-27,NR5,52.6405,1.23427,jane.dillahunt@gmail.com,Jane,Dillahunt,Networking Event,Data Science
2024-07-03,IP25,52.58588,0.83892,matt.molina@gmail.com,Matt,Molina,Networking Event,Healthcare
2024-06-02,TF3,52.66404,-2.44363,william.twigg@gmail.com,William,Twigg,Workshop,Software Engineering
2024-08-03,N21,51.63612,-0.09816,mary.holiday@gmail.com,Mary,Holiday,Webinar,Education
2024-01-21,CO8,51.97328,0.76797,donna.drews@gmail.com,Donna,Drews,Workshop,Healthcare
2024-02-29,WA5,53.39857,-2.63624,james.chico@gmail.com,James,Chico,Email Correspondence,Software Engineering
2024-10-24,DG10,55.31977,-3.43735,donald.kemp@gmail.com,Donald,Kemp,Workshop,B2B Marketing
2024-11-27,SA73,51.71634,-5.01146,krystal.chang@gmail.com,Krystal,Chang,Email Correspondence,Data Science
2024-10-18,PA44,55.79785,-6.29265,steven.reed@gmail.com,Steven,Reed,Email Correspondence,Software Engineering
2024-06-05,NP25,51.80307,-2.72232,robert.conley@gmail.com,Robert,Conley,Networking Event,Healthcare
2024-06-13,AB36,57.19715,-3.06589,esther.higgins@gmail.com,Esther,Higgins,Webinar,Finance
2024-06-02,GY1,49.45856,-2.53684,daniel.hairston@gmail.com,Daniel,Hairston,Email Correspondence,Education
2024-08-08,SO31,50.86882,-1.29506,carol.pickering@gmail.com,Carol,Pickering,1-2-1 Conversation,Software Engineering
2024-04-01,RG29,51.24751,-0.94538,denise.allred@gmail.com,Denise,Allred,Webinar,Education
2024-05-31,KT13,51.36788,-0.44838,beverly.sherman@gmail.com,Beverly,Sherman,Email Correspondence,Healthcare
2024-10-19,LL19,53.33082,-3.40866,cathleen.foster@gmail.com,Cathleen,Foster,Email Correspondence,Data Science
2024-09-13,IV2,57.46833,-4.19107,lawrence.schaffer@gmail.com,Lawrence,Schaffer,1-2-1 Conversation,Software Engineering
2024-07-18,BT80,54.64464,-6.74869,jessica.bunning@gmail.com,Jessica,Bunning,Workshop,Education
2024-09-25,KT19,51.35096,-0.26799,patricia.cross@gmail.com,Patricia,Cross,1-2-1 Conversation,B2B Marketing
2024-02-19,PL7,50.3916,-4.04436,tosha.rinker@gmail.com,Tosha,Rinker,Workshop,Education
2024-11-03,SK11,53.24646,-2.14238,kelly.reyes@gmail.com,Kelly,Reyes,Webinar,Data Science
2024-05-08,TF6,52.7355,-2.55397,loretta.voelker@gmail.com,Loretta,Voelker,Webinar,Finance
2024-03-17,B6,52.50388,-1.88508,john.unrein@gmail.com,John,Unrein,Webinar,B2B Marketing
2024-03-27,PL34,50.6597,-4.74234,jennifer.pena@gmail.com,Jennifer,Pena,Networking Event,Healthcare
2024-12-21,ZE3,59.88369,-1.30316,roxanne.parker@gmail.com,Roxanne,Parker,Workshop,Data Science
2024-04-22,BT45,54.76045,-6.63935,james.todd@gmail.com,James,Todd,Workshop,Education
2024-05-27,W11,51.51189,-0.20424,toby.mendoza@gmail.com,Toby,Mendoza,Networking Event,Data Science
2024-10-30,CT20,51.07899,1.16551,lisa.nyhus@gmail.com,Lisa,Nyhus,Webinar,Data Science
2024-07-11,DG12,54.98928,-3.25044,judith.bailey@gmail.com,Judith,Bailey,Webinar,Data Science
2024-11-04,IV25,57.89135,-4.04295,david.blaine@gmail.com,David,Blaine,Workshop,Education
2024-04-09,TN33,50.91032,0.47676,valerie.odonnell@gmail.com,Valerie,Odonnell,Networking Event,B2B Marketing
2024-02-19,BT23,54.56301,-5.71437,jason.doss@gmail.com,Jason,Doss,Networking Event,Finance
2024-01-23,SO21,51.07488,-1.31334,david.frank@gmail.com,David,Frank,Networking Event,Software Engineering
2024-09-16,EH35,55.91053,-2.94233,erik.tilton@gmail.com,Erik,Tilton,Webinar,Finance
2024-03-18,G20,55.8858,-4.28176,shelley.harris@gmail.com,Shelley,Harris,Workshop,Data Science
2024-09-21,PL23,50.33653,-4.63513,marc.rice@gmail.com,Marc,Rice,Workshop,B2B Marketing
2024-08-03,BS16,51.48496,-2.50988,david.baker@gmail.com,David,Baker,1-2-1 Conversation,B2B Marketing
2024-05-22,BH14,50.72164,-1.94333,jimmy.jones@gmail.com,Jimmy,Jones,Networking Event,Data Science
2024-11-09,LU7,51.90921,-0.66388,ida.sampson@gmail.com,Ida,Sampson,Workshop,Finance
2024-07-31,L11,53.44801,-2.91407,erline.fall@gmail.com,Erline,Fall,Email Correspondence,Education
2024-02-03,NR12,52.75971,1.47144,jennifer.klein@gmail.com,Jennifer,Klein,1-2-1 Conversation,Software Engineering
2024-08-09,FK16,56.19081,-4.05966,donald.asante@gmail.com,Donald,Asante,Networking Event,Healthcare
2024-12-03,BT70,54.51495,-6.88672,timothy.clark@gmail.com,Timothy,Clark,Webinar,Finance
2024-07-06,DN16,53.56782,-0.63935,pamula.scott@gmail.com,Pamula,Scott,Email Correspondence,B2B Marketing
2024-04-17,EN9,51.69451,0.01427,carol.cecot@gmail.com,Carol,Cecot,Webinar,Education
2024-07-05,BB2,53.74171,-2.50039,nancy.gray@gmail.com,Nancy,Gray,Webinar,Healthcare
2024-05-18,EX24,50.73816,-3.08849,arthur.dempster@gmail.com,Arthur,Dempster,Email Correspondence,Software Engineering
2024-09-05,TR10,50.16624,-5.11736,rosemarie.kempton@gmail.com,Rosemarie,Kempton,Email Correspondence,Software Engineering
2024-09-13,KT13,51.36788,-0.44838,david.mcclung@gmail.com,David,Mcclung,Networking Event,Education
2024-04-12,EC4N,51.51463,-0.09314,joseph.tyson@gmail.com,Joseph,Tyson,Workshop,Software Engineering
2024-01-27,TQ6,50.34655,-3.58837,suzanne.perez@gmail.com,Suzanne,Perez,1-2-1 Conversation,Education
2024-10-03,WR8,52.08207,-2.20287,kevin.bates@gmail.com,Kevin,Bates,Workshop,Healthcare
2024-02-23,ML2,55.77706,-3.91179,barbara.walling@gmail.com,Barbara,Walling,Webinar,Software Engineering
2024-11-13,NP23,51.78482,-3.19615,jeff.norton@gmail.com,Jeff,Norton,Workshop,Education
2024-08-31,EH13,55.90788,-3.24144,michael.parks@gmail.com,Michael,Parks,1-2-1 Conversation,B2B Marketing
2024-03-25,HG1,53.99983,-1.53313,letha.bartolet@gmail.com,Letha,Bartolet,Networking Event,Software Engineering
2024-10-29,KA25,55.75263,-4.6884,karen.boisvert@gmail.com,Karen,Boisvert,Networking Event,Software Engineering
2024-08-10,N17,51.59791,-0.07088,greg.groth@gmail.com,Greg,Groth,Networking Event,Software Engineering
2024-05-27,TR25,49.96401,-6.29276,alvina.hassan@gmail.com,Alvina,Hassan,Email Correspondence,Finance
2024-12-28,NE1,54.97262,-1.61097,daniel.brooks@gmail.com,Daniel,Brooks,Networking Event,Software Engineering
2024-01-22,DE24,52.89016,-1.4515,pedro.morton@gmail.com,Pedro,Morton,Workshop,Education
2024-08-23,EC4Y,51.51397,-0.10758,beatrice.leachman@gmail.com,Beatrice,Leachman,Webinar,Data Science
2024-08-09,LL56,53.18669,-4.19879,nettie.boyer@gmail.com,Nettie,Boyer,1-2-1 Conversation,Healthcare
2024-12-07,OL4,53.54228,-2.07244,garrett.rorie@gmail.com,Garrett,Rorie,Networking Event,B2B Marketing
2024-06-23,NN5,52.24732,-0.92916,florence.hood@gmail.com,Florence,Hood,Email Correspondence,Data Science
2024-03-14,CB7,52.36606,0.32087,lisa.matson@gmail.com,Lisa,Matson,Workshop,Data Science
2024-08-07,G72,55.80406,-4.12856,terry.white@gmail.com,Terry,White,Webinar,Software Engineering
2024-01-26,GL11,51.68875,-2.35591,shawn.staley@gmail.com,Shawn,Staley,Networking Event,Data Science
2024-03-31,DG3,55.23678,-3.79927,michael.long@gmail.com,Michael,Long,Workshop,Finance
2024-10-04,PA5,55.83105,-4.50854,teresa.wilson@gmail.com,Teresa,Wilson,1-2-1 Conversation,Education
2024-11-12,BH1,50.72427,-1.85973,patricia.avalos@gmail.com,Patricia,Avalos,Email Correspondence,B2B Marketing
2024-06-06,GU30,51.07435,-0.80228,james.kizzee@gmail.com,James,Kizzee,Webinar,B2B Marketing
2024-06-17,CB7,52.36606,0.32087,treva.mattingly@gmail.com,Treva,Mattingly,Email Correspondence,Education
2024-06-15,TQ10,50.42412,-3.81906,fred.feliciano@gmail.com,Fred,Feliciano,Email Correspondence,Data Science
2024-10-30,CV21,52.36774,-1.27438,doris.mcwhorter@gmail.com,Doris,Mcwhorter,Email Correspondence,Data Science
2024-07-11,SA9,51.78122,-3.76729,thomas.lee@gmail.com,Thomas,Lee,Networking Event,B2B Marketing
2024-09-18,WD17,51.66138,-0.40512,henry.wiltse@gmail.com,Henry,Wiltse,Webinar,B2B Marketing
2024-09-17,HU14,53.72799,-0.50078,janet.benavides@gmail.com,Janet,Benavides,Workshop,Education
2024-09-24,LS12,53.79062,-1.59618,kellie.meyer@gmail.com,Kellie,Meyer,1-2-1 Conversation,Data Science
2024-12-02,BT43,54.89024,-6.26565,lillian.batters@gmail.com,Lillian,Batters,1-2-1 Conversation,Healthcare
2024-03-18,G14,55.88095,-4.34864,john.freeman@gmail.com,John,Freeman,Email Correspondence,B2B Marketing
2024-08-09,GU32,51.00849,-0.96934,tina.miller@gmail.com,Tina,Miller,Networking Event,Healthcare
2024-08-20,DD7,56.5033,-2.71814,dana.hazelwood@gmail.com,Dana,Hazelwood,Email Correspondence,B2B Marketing
2024-01-09,B72,52.55145,-1.82153,christy.green@gmail.com,Christy,Green,Webinar,Finance
2024-10-23,B42,52.53357,-1.91154,mary.golz@gmail.com,Mary,Golz,1-2-1 Conversation,Finance
2024-12-19,DN15,53.61469,-0.64994,joseph.iniguez@gmail.com,Joseph,Iniguez,Email Correspondence,Software Engineering
2024-08-09,TW15,51.43002,-0.45491,jimmie.hicks@gmail.com,Jimmie,Hicks,Networking Event,Software Engineering
2024-01-30,RG9,51.54407,-0.92267,betty.overmyer@gmail.com,Betty,Overmyer,Workshop,Software Engineering
2024-07-29,RG12,51.40655,-0.74904,sandra.troutman@gmail.com,Sandra,Troutman,Workshop,Software Engineering
2024-02-24,SA12,51.60725,-3.79375,stephanie.fuller@gmail.com,Stephanie,Fuller,Webinar,Healthcare
2024-06-18,SN10,51.33589,-1.98708,ann.smith@gmail.com,Ann,Smith,Webinar,Healthcare
2024-02-17,SE23,51.44015,-0.04875,charles.zambelli@gmail.com,Charles,Zambelli,Workshop,B2B Marketing
2024-01-13,LE3,52.62876,-1.17993,alan.hampton@gmail.com,Alan,Hampton,Email Correspondence,Finance
2024-06-26,GL14,51.81691,-2.47879,keith.brueckman@gmail.com,Keith,Brueckman,1-2-1 Conversation,Education
2024-07-25,RG10,51.48055,-0.86224,elaine.hodson@gmail.com,Elaine,Hodson,Email Correspondence,Education
2024-08-03,CV35,52.229,-1.5944,rachel.brown@gmail.com,Rachel,Brown,Email Correspondence,Data Science
2024-09-24,BT15,54.62362,-5.93071,mike.parkison@gmail.com,Mike,Parkison,1-2-1 Conversation,Data Science
2024-10-26,PH50,56.71451,-4.96427,xochitl.carter@gmail.com,Xochitl,Carter,Workshop,Healthcare
2024-08-06,GU27,51.08155,-0.71785,william.miles@gmail.com,William,Miles,Networking Event,Data Science
2024-12-08,CF38,51.56034,-3.33164,shirley.smith@gmail.com,Shirley,Smith,1-2-1 Conversation,Healthcare
2024-10-31,PA68,56.43624,-6.14202,millie.baldwin@gmail.com,Millie,Baldwin,Email Correspondence,Software Engineering
2024-01-22,SN10,51.33589,-1.98708,alma.richardson@gmail.com,Alma,Richardson,Networking Event,Data Science
2024-10-27,RG42,51.42729,-0.75423,michael.scott@gmail.com,Michael,Scott,Workshop,Healthcare
2024-10-02,NR29,52.6926,1.63932,john.sterling@gmail.com,John,Sterling,1-2-1 Conversation,Data Science
2024-04-09,LD7,52.3524,-3.08513,angela.ford@gmail.com,Angela,Ford,Email Correspondence,B2B Marketing
2024-12-30,CH61,53.34754,-3.10122,jessica.little@gmail.com,Jessica,Little,1-2-1 Conversation,Healthcare
2024-12-20,PR1,53.75779,-2.70082,michael.lofton@gmail.com,Michael,Lofton,1-2-1 Conversation,Data Science
2024-04-21,SY7,52.42508,-2.88688,fred.gallon@gmail.com,Fred,Gallon,Webinar,Education
2024-07-17,DG10,55.31977,-3.43735,joann.boyd@gmail.com,Joann,Boyd,Networking Event,B2B Marketing
2024-04-26,KA7,55.44739,-4.62805,marcia.moxley@gmail.com,Marcia,Moxley,Networking Event,Finance
2024-12-14,TN21,50.95871,0.26427,wiley.russell@gmail.com,Wiley,Russell,Workshop,Education
2024-11-04,FK4,55.99734,-3.90662,joseph.smith@gmail.com,Joseph,Smith,1-2-1 Conversation,Data Science
2024-08-17,IP5,52.06102,1.24182,jaime.forman@gmail.com,Jaime,Forman,Workshop,Finance
2024-10-24,NR21,52.84097,0.85257,john.burnett@gmail.com,John,Burnett,Email Correspondence,B2B Marketing
2024-09-26,PA3,55.85205,-4.44757,richard.casteel@gmail.com,Richard,Casteel,Networking Event,Finance
2024-02-28,BD23,53.99264,-2.05339,aaron.diggs@gmail.com,Aaron,Diggs,1-2-1 Conversation,Healthcare
2024-01-31,KA16,55.60713,-4.33065,duane.flowers@gmail.com,Duane,Flowers,Networking Event,Software Engineering
2024-12-21,AB31,57.07479,-2.52623,susan.dupont@gmail.com,Susan,Dupont,Workshop,Finance
2024-12-09,NE21,54.95764,-1.71888,kathy.levay@gmail.com,Kathy,Levay,Workshop,Healthcare
2024-10-02,S75,53.56201,-1.51985,bruce.johnson@gmail.com,Bruce,Johnson,Webinar,B2B Marketing
2024-01-31,BD13,53.78582,-1.85883,arthur.guida@gmail.com,Arthur,Guida,1-2-1 Conversation,Healthcare
2024-09-26,BH14,50.72164,-1.94333,amber.turner@gmail.com,Amber,Turner,1-2-1 Conversation,Data Science
2024-12-18,SN11,51.43931,-1.99856,mary.her@gmail.com,Mary,Her,Webinar,B2B Marketing
2024-11-04,NE39,54.92357,-1.75813,mary.benfield@gmail.com,Mary,Benfield,Email Correspondence,Software Engineering
2024-04-18,E5,51.55893,-0.05233,shaun.cardoza@gmail.com,Shaun,Cardoza,1-2-1 Conversation,Data Science
2024-02-14,RG6,51.43893,-0.9309,ella.kinsella@gmail.com,Ella,Kinsella,Webinar,Healthcare
2024-08-13,RG12,51.40655,-0.74904,steven.wheeler@gmail.com,Steven,Wheeler,Workshop,Finance
2024-06-07,RH1,51.23683,-0.15623,john.orf@gmail.com,John,Orf,1-2-1 Conversation,B2B Marketing
2024-02-03,KY16,56.34184,-2.81865,tenisha.hayes@gmail.com,Tenisha,Hayes,Workshop,Software Engineering
2024-04-26,BT81,54.69395,-7.61369,gladys.latham@gmail.com,Gladys,Latham,Workshop,Education
2024-07-29,EH7,55.96075,-3.16463,christian.hicks@gmail.com,Christian,Hicks,Networking Event,B2B Marketing
2024-02-11,CA21,54.44516,-3.51451,ian.downing@gmail.com,Ian,Downing,Workshop,Education
2024-08-19,CV12,52.47399,-1.47288,jimmie.mcintyre@gmail.com,Jimmie,Mcintyre,Networking Event,Software Engineering
2024-01-29,B26,52.46059,-1.78951,katie.scott@gmail.com,Katie,Scott,Webinar,Healthcare
2024-07-09,E7,51.54678,0.02793,andrew.placide@gmail.com,Andrew,Placide,Email Correspondence,Healthcare
2024-01-04,EC1Y,51.52272,-0.0928,christopher.triplett@gmail.com,Christopher,Triplett,1-2-1 Conversation,Data Science
2024-05-04,PE37,52.64414,0.69336,fernando.voigt@gmail.com,Fernando,Voigt,1-2-1 Conversation,Finance
2024-06-09,RH17,51.02122,-0.11488,annette.lamphere@gmail.com,Annette,Lamphere,Email Correspondence,Finance
2024-07-31,EH26,55.83257,-3.22307,alice.gilmore@gmail.com,Alice,Gilmore,Webinar,Software Engineering
2024-01-29,GU4,51.24315,-0.53999,margaret.seal@gmail.com,Margaret,Seal,1-2-1 Conversation,Education
2024-09-21,W1C,51.51371,-0.14795,junior.hotchkiss@gmail.com,Junior,Hotchkiss,Networking Event,Education
2024-08-02,W1K,51.51104,-0.1495,christina.weinberger@gmail.com,Christina,Weinberger,Networking Event,Software Engineering
2024-02-06,DA6,51.45484,0.14046,evelyn.shasteen@gmail.com,Evelyn,Shasteen,Webinar,Data Science
2024-05-26,HX2,53.73733,-1.90448,helen.peterson@gmail.com,Helen,Peterson,Workshop,Education
2024-12-11,BT82,54.82576,-7.42777,charles.harper@gmail.com,Charles,Harper,Networking Event,Finance
2024-10-27,G64,55.91127,-4.21604,angela.akers@gmail.com,Angela,Akers,Webinar,Finance
2024-12-22,EC3M,51.51267,-0.08313,colleen.latimer@gmail.com,Colleen,Latimer,Webinar,Finance
2024-01-07,GY8,49.52875,-2.45821,laura.hall@gmail.com,Laura,Hall,1-2-1 Conversation,Education
2024-12-11,TR20,50.13138,-5.48882,cynthia.kelly@gmail.com,Cynthia,Kelly,Networking Event,Finance
2024-03-02,M31,53.4193,-2.42136,william.miller@gmail.com,William,Miller,Webinar,Software Engineering
2024-04-28,PH26,57.3298,-3.60464,lance.stotts@gmail.com,Lance,Stotts,Workshop,Software Engineering
2024-05-31,CF5,51.48219,-3.2415,deanna.baudino@gmail.com,Deanna,Baudino,Email Correspondence,B2B Marketing
2024-06-02,SW3,51.48969,-0.16477,timothy.kiely@gmail.com,Timothy,Kiely,Workshop,Data Science
2024-06-05,G44,55.81438,-4.25523,salvador.mendoza@gmail.com,Salvador,Mendoza,Email Correspondence,Education
2024-08-01,BT2,54.59309,-5.92932,joann.johnson@gmail.com,Joann,Johnson,Webinar,Finance
2024-09-16,BT47,54.97386,-7.21151,brenda.mcginity@gmail.com,Brenda,Mcginity,Webinar,Finance
2024-08-25,KT7,51.38959,-0.3269,barbra.mcbride@gmail.com,Barbra,Mcbride,Email Correspondence,Healthcare
2024-04-02,CT12,51.34216,1.37322,evan.henson@gmail.com,Evan,Henson,Workshop,Data Science
2024-10-04,BT21,54.63826,-5.54448,mark.hudek@gmail.com,Mark,Hudek,Email Correspondence,Healthcare
2024-11-03,BH14,50.72164,-1.94333,amanda.thompson@gmail.com,Amanda,Thompson,Networking Event,Finance
2024-01-17,TN30,51.06195,0.69753,robin.ameduri@gmail.com,Robin,Ameduri,Networking Event,B2B Marketing
2024-02-02,ML2,55.77706,-3.91179,nola.naumann@gmail.com,Nola,Naumann,Email Correspondence,Finance
2024-11-05,YO31,53.96923,-1.06389,mary.fischer@gmail.com,Mary,Fischer,1-2-1 Conversation,Data Science
2024-11-19,NN3,52.26182,-0.84528,thelma.radice@gmail.com,Thelma,Radice,Webinar,Education
2024-11-21,OX28,51.78529,-1.48675,joseph.west@gmail.com,Joseph,West,Email Correspondence,Education
2024-03-04,HX1,53.72111,-1.86966,michael.peters@gmail.com,Michael,Peters,Networking Event,Education
2024-02-03,BB6,53.79238,-2.41598,dianna.heart@gmail.com,Dianna,Heart,Networking Event,B2B Marketing
2024-11-05,SW14,51.46514,-0.26511,martha.oconnell@gmail.com,Martha,Oconnell,Email Correspondence,Healthcare
2024-08-08,BT27,54.51004,-6.02027,joel.blodgett@gmail.com,Joel,Blodgett,Workshop,Software Engineering
2024-08-03,PE1,52.58704,-0.23885,charles.baker@gmail.com,Charles,Baker,Networking Event,Software Engineering
2024-11-06,BT15,54.62362,-5.93071,tracy.zvorsky@gmail.com,Tracy,Zvorsky,Workshop,Finance
2024-12-13,BT68,54.36626,-6.84743,robin.taylor@gmail.com,Robin,Taylor,Webinar,B2B Marketing
2024-06-29,CB23,52.21349,-0.02215,richard.crow@gmail.com,Richard,Crow,Workshop,B2B Marketing
2024-03-02,DL2,54.5286,-1.6013,kristi.goldstein@gmail.com,Kristi,Goldstein,Networking Event,B2B Marketing
2024-09-25,PO32,50.75091,-1.27982,robert.guerra@gmail.com,Robert,Guerra,Networking Event,Healthcare
2024-01-29,SS11,51.6151,0.53807,erik.parker@gmail.com,Erik,Parker,Webinar,B2B Marketing
2024-04-28,DE45,53.21464,-1.6765,ebony.smith@gmail.com,Ebony,Smith,Email Correspondence,Data Science
2024-08-20,TN12,51.17194,0.44067,monica.rudd@gmail.com,Monica,Rudd,1-2-1 Conversation,Education
2024-07-10,CM21,51.81177,0.14718,andrew.black@gmail.com,Andrew,Black,Workshop,B2B Marketing
2024-02-13,LS22,53.93179,-1.39375,nannette.meyers@gmail.com,Nannette,Meyers,Networking Event,B2B Marketing
2024-11-06,BH24,50.84377,-1.78551,myles.wilson@gmail.com,Myles,Wilson,Webinar,Data Science
2024-12-10,RM1,51.58175,0.18395,mary.tillis@gmail.com,Mary,Tillis,Email Correspondence,Software Engineering
2024-12-23,PA45,55.81932,-6.1656,nancy.barbee@gmail.com,Nancy,Barbee,Email Correspondence,Healthcare
2024-07-29,PA70,56.36426,-6.03373,daniel.osorno@gmail.com,Daniel,Osorno,Workshop,Education
2024-03-14,CV34,52.2829,-1.57924,william.goldsmith@gmail.com,William,Goldsmith,Networking Event,Healthcare
2024-03-06,WV14,52.55695,-2.07818,wilfred.scheel@gmail.com,Wilfred,Scheel,Workshop,Education
2024-05-25,WV16,52.5112,-2.44062,todd.bailey@gmail.com,Todd,Bailey,1-2-1 Conversation,Healthcare
2024-07-23,BT62,54.41256,-6.46416,lois.chapman@gmail.com,Lois,Chapman,Workshop,Education
2024-03-09,LS19,53.8592,-1.6822,paul.grieco@gmail.com,Paul,Grieco,Networking Event,Education
2024-03-13,TW16,51.4151,-0.41514,carol.carter@gmail.com,Carol,Carter,Email Correspondence,Healthcare
2024-11-24,PL1,50.37074,-4.15317,nora.mccalla@gmail.com,Nora,Mccalla,Email Correspondence,B2B Marketing
2024-08-28,GL6,51.735,-2.19117,amalia.huber@gmail.com,Amalia,Huber,Workshop,Education
2024-05-13,CR4,51.40415,-0.15813,judith.lee@gmail.com,Judith,Lee,Workshop,Data Science
2024-05-10,HR7,52.18629,-2.52079,eddie.broege@gmail.com,Eddie,Broege,Email Correspondence,Education
2024-11-12,TA23,51.16171,-3.3516,grace.dunn@gmail.com,Grace,Dunn,Webinar,Education
2024-12-28,KT22,51.3007,-0.33731,cindy.whitney@gmail.com,Cindy,Whitney,Webinar,Finance
2024-06-15,TN28,50.98202,0.95226,tisha.bristow@gmail.com,Tisha,Bristow,Email Correspondence,Healthcare
2024-04-04,G23,55.90193,-4.28431,margaret.hooper@gmail.com,Margaret,Hooper,Webinar,B2B Marketing
2024-08-01,TA3,50.99403,-3.03889,francis.collado@gmail.com,Francis,Collado,1-2-1 Conversation,Education
2024-01-09,SW16,51.42165,-0.12722,kenneth.mccauley@gmail.com,Kenneth,Mccauley,1-2-1 Conversation,Finance
2024-01-09,LA18,54.21512,-3.27448,lottie.wright@gmail.com,Lottie,Wright,Webinar,Data Science
2024-11-10,CV9,52.58493,-1.55864,richard.washington@gmail.com,Richard,Washington,Workshop,Healthcare
2024-05-29,HS9,56.97148,-7.47153,jeffery.puterbaugh@gmail.com,Jeffery,Puterbaugh,Email Correspondence,Finance
2024-09-25,M7,53.50516,-2.26086,fernanda.fratus@gmail.com,Fernanda,Fratus,Email Correspondence,Data Science
2024-03-10,NG16,53.02688,-1.29319,lorraine.campbell@gmail.com,Lorraine,Campbell,Email Correspondence,Healthcare
2024-02-09,BS29,51.33081,-2.87709,dana.augenstein@gmail.com,Dana,Augenstein,1-2-1 Conversation,Data Science
2024-03-20,DE13,52.80741,-1.68844,kandice.lobb@gmail.com,Kandice,Lobb,Email Correspondence,Data Science
2024-07-22,PE13,52.66895,0.13868,john.deubner@gmail.com,John,Deubner,Webinar,Finance
2024-10-12,CF72,51.52989,-3.39852,crystal.phillips@gmail.com,Crystal,Phillips,Email Correspondence,Software Engineering
2024-12-05,TR21,49.92936,-6.25622,john.hendrickson@gmail.com,John,Hendrickson,Workshop,Software Engineering
2024-08-29,LS3,53.80128,-1.55964,katherine.mccall@gmail.com,Katherine,Mccall,Webinar,Finance
2024-09-12,SN4,51.53089,-1.81978,kathi.robbins@gmail.com,Kathi,Robbins,Email Correspondence,Finance
2024-11-29,BL6,53.59142,-2.53941,aaron.orosco@gmail.com,Aaron,Orosco,Networking Event,Software Engineering
2024-06-17,OL1,53.54944,-2.10566,daniel.irving@gmail.com,Daniel,Irving,Webinar,Data Science
2024-06-08,YO43,53.84976,-0.68952,sonya.cornell@gmail.com,Sonya,Cornell,Webinar,Software Engineering
2024-06-30,B98,52.3034,-1.91346,jo.jenkins@gmail.com,Jo,Jenkins,Networking Event,Finance
2024-03-27,TR9,50.41387,-4.93648,tyrone.sorbello@gmail.com,Tyrone,Sorbello,Email Correspondence,Data Science
2024-02-21,LS22,53.93179,-1.39375,roberta.crittenden@gmail.com,Roberta,Crittenden,Workshop,Education
2024-02-26,TR15,50.23225,-5.23669,emmie.hancock@gmail.com,Emmie,Hancock,Webinar,Healthcare
